Time,FLOW
2010-06-30,0.12731482
2010-07-01,0
2010-07-02,0
2010-07-03,0.7060185
2010-07-04,0.6828704
2010-07-05,0.7060185
2010-07-06,0.6828704
2010-07-07,0.6828704
2010-07-08,0.6944444
2010-07-09,0.6828704
2010-07-10,1.2152778
2010-07-11,1.261574
2010-07-12,1.25
2010-07-13,1.25
2010-07-14,1.25
2010-07-15,0
2010-07-16,2.3958333
2010-07-17,1.8287038
2010-07-18,1.4699074
2010-07-19,1.1805556
2010-07-20,1.8518518
2010-07-21,1.9097222
2010-07-22,1.875
2010-07-23,1.875
2010-07-24,1.8402778
2010-07-25,1.863426
2010-07-26,1.863426
2010-07-27,1.863426
2010-07-28,1.863426
2010-07-29,1.8518518
2010-07-30,1.8518518
2010-07-31,1.8287038
2010-08-01,1.8402778
2010-08-02,1.7939814
2010-08-03,1.886574
2010-08-04,1.8518518
2010-08-05,1.5046296
2010-08-06,1.3310186
2010-08-07,1.3194444
2010-08-08,1.3425926
2010-08-09,1.3425926
2010-08-10,1.8055556
2010-08-11,1.863426
2010-08-12,1.8171296
2010-08-13,1.8287038
2010-08-14,1.8402778
2010-08-15,0.30092594
2010-08-16,0.6944444
2010-08-17,0.7638889
2010-08-18,0.7638889
2010-08-19,0.8680556
2010-08-20,2.5
2010-08-21,2.5462964
2010-08-22,2.5347223
2010-08-23,2.5810184
2010-08-24,2.5347223
2010-08-25,2.5810184
2010-08-26,0
2010-08-27,0
2010-08-28,0
2010-08-29,0.4398148
2010-08-30,0.7175926
2010-08-31,1.8402778
2010-09-01,5.0925927
2010-09-02,4.953704
2010-09-03,2.4189816
2010-09-04,0
2010-09-05,0
2010-09-06,0
2010-09-07,0
2010-09-08,0
2010-09-09,0
2010-09-10,0
2010-09-11,0
2010-09-12,0.046296295
2010-09-13,0
2010-09-14,0
2010-09-15,0
2010-09-16,0
2010-09-17,1.7592592
2010-09-18,2.9976852
2010-09-19,2.6736112
2010-09-20,2.4652777
2010-09-21,1.9039352
2010-09-22,1.8402778
2010-09-23,1.863426
2010-09-24,1.8402778
2010-09-25,1.8287038
2010-09-26,1.8287038
2010-09-27,1.9097222
2010-09-28,1.7824074
2010-09-29,1.1689814
2010-09-30,1.2152778
2010-10-01,1.2037038
2010-10-02,1.2037038
2010-10-03,1.2268518
2010-10-04,1.1921296
2010-10-05,1.1805556
2010-10-06,1.2037038
2010-10-07,1.2037038
2010-10-08,1.2037038
2010-10-09,1.1921296
2010-10-10,1.2037038
2010-10-11,1.2037038
2010-10-12,1.1921296
2010-10-13,1.238426
2010-10-14,1.1921296
2010-10-15,1.1921296
2010-10-16,1.1574074
2010-10-17,1.1574074
2010-10-18,1.2152778
2010-10-19,0.016203703
2010-10-20,1.8402778
2010-10-21,0.4050926
2010-10-22,0.7986111
2010-10-23,0
2010-10-24,1.1574074
2010-10-25,1.1458334
2010-10-26,1.1574074
2010-10-27,1.1574074
2010-10-28,1.1689814
2010-10-29,1.1689814
2010-10-30,1.1574074
2010-10-31,1.1574074
2010-11-01,1.1574074
2010-11-02,1.1805556
2010-11-03,1.1574074
2010-11-04,1.1689814
2010-11-05,2.4074075
2010-11-06,2.3958333
2010-11-07,2.4421296
2010-11-08,2.3726852
2010-11-09,0.5324074
2010-11-10,0
2010-11-11,0
2010-11-12,2.3726852
2010-11-13,2.9398148
2010-11-14,3.0439816
2010-11-15,3.0092592
2010-11-16,2.9629629
2010-11-17,2.9282408
2010-11-18,2.9398148
2010-11-19,2.9513888
2010-11-20,2.9282408
2010-11-21,2.8819444
2010-11-22,2.9282408
2010-11-23,2.9050925
2010-11-24,2.8587964
2010-11-25,2.8935184
2010-11-26,2.9166667
2010-11-27,2.8125
2010-11-28,2.9282408
2010-11-29,2.9629629
2010-11-30,2.9166667
2010-12-01,2.3495371
2010-12-02,2.3379629
2010-12-03,2.3148148
2010-12-04,2.3379629
2010-12-05,2.3032408
2010-12-06,2.2916667
2010-12-07,2.3842592
2010-12-08,2.3495371
2010-12-09,2.3379629
2010-12-10,2.3495371
2010-12-11,2.3842592
2010-12-12,2.3495371
2010-12-13,2.3495371
2010-12-14,2.3495371
2010-12-15,1.8402778
2010-12-16,1.8287038
2010-12-17,1.8518518
2010-12-18,1.7708334
2010-12-19,1.886574
2010-12-20,1.886574
2010-12-21,1.8055556
2010-12-22,0
2010-12-23,0
2010-12-24,0
2010-12-25,2.3495371
2010-12-26,2.3958333
2010-12-27,2.3611112
2010-12-28,2.4074075
2010-12-29,2.3611112
2010-12-30,0.9143519
2010-12-31,2.1875
2011-01-01,2.9398148
2011-01-02,2.9166667
2011-01-03,2.9629629
2011-01-04,3.0092592
2011-01-05,2.9166667
2011-01-06,2.9745371
2011-01-07,2.9282408
2011-01-08,2.8587964
2011-01-09,2.9398148
2011-01-10,3.0208333
2011-01-11,2.9050925
2011-01-12,2.9282408
2011-01-13,2.9513888
2011-01-14,2.9398148
2011-01-15,2.9745371
2011-01-16,2.8472223
2011-01-17,2.9166667
2011-01-18,2.9166667
2011-01-19,2.9282408
2011-01-20,2.9050925
2011-01-21,2.9166667
2011-01-22,2.9861112
2011-01-23,2.9629629
2011-01-24,2.9282408
2011-01-25,2.8819444
2011-01-26,1.0300926
2011-01-27,0.6597222
2011-01-28,3.1815975
2011-01-29,3.5532408
2011-01-30,4.0972223
2011-01-31,4.224537
2011-02-01,4.085648
2011-02-02,4.085648
2011-02-03,4.085648
2011-02-04,4.085648
2011-02-05,3.9120371
2011-02-06,4.085648
2011-02-07,4.236111
2011-02-08,4.0972223
2011-02-09,2.9629629
2011-02-10,2.9745371
2011-02-11,2.9629629
2011-02-12,2.9513888
2011-02-13,2.9745371
2011-02-14,3.0092592
2011-02-15,2.9513888
2011-02-16,2.9282408
2011-02-17,2.800926
2011-02-18,2.9398148
2011-02-19,2.8703704
2011-02-20,2.9166667
2011-02-21,3.0324075
2011-02-22,2.9282408
2011-02-23,2.9282408
2011-02-24,0.6828704
2011-02-25,0.6365741
2011-02-26,2.526765
2011-02-27,2.8703704
2011-02-28,2.9398148
2011-03-01,2.8703704
2011-03-02,2.8935184
2011-03-03,2.8703704
2011-03-04,2.8819444
2011-03-05,2.800926
2011-03-06,2.8819444
2011-03-07,2.8819444
2011-03-08,2.8472223
2011-03-09,2.8819444
2011-03-10,2.9166667
2011-03-11,2.7777777
2011-03-12,2.7314816
2011-03-13,2.7199075
2011-03-14,2.789352
2011-03-15,2.7777777
2011-03-16,2.7430556
2011-03-17,2.6967592
2011-03-18,2.800926
2011-03-19,2.3958333
2011-03-20,2.4189816
2011-03-21,2.4189816
2011-03-22,2.3958333
2011-03-23,2.4074075
2011-03-24,0
2011-03-25,0
2011-03-26,1.2152778
2011-03-27,1.3541666
2011-03-28,1.3310186
2011-03-29,1.3078704
2011-03-30,1.3194444
2011-03-31,1.3078704
2011-04-01,1.3194444
2011-04-02,1.3078704
2011-04-03,1.3194444
2011-04-04,1.3425926
2011-04-05,4.560185
2011-04-06,4.9305553
2011-04-07,4.872685
2011-04-08,4.8958335
2011-04-09,4.814815
2011-04-10,5.3240743
2011-04-11,4.490741
2011-04-12,0
2011-04-13,0
2011-04-14,0
2011-04-15,0
2011-04-16,1.2268518
2011-04-17,1.261574
2011-04-18,1.2962962
2011-04-19,1.261574
2011-04-20,1.261574
2011-04-21,1.2731482
2011-04-22,1.238426
2011-04-23,1.261574
2011-04-24,1.261574
2011-04-25,1.261574
2011-04-26,1.261574
2011-04-27,0.6365741
2011-04-28,0.5787037
2011-04-29,0.3472222
2011-04-30,0.5787037
2011-05-01,0.6134259
2011-05-02,0.6134259
2011-05-03,2.3495371
2011-05-04,2.4305556
2011-05-05,2.4074075
2011-05-06,2.3611112
2011-05-07,3.5300925
2011-05-08,3.726852
2011-05-09,3.6458333
2011-05-10,3.6111112
2011-05-11,3.5995371
2011-05-12,3.5879629
2011-05-13,4.6875
2011-05-14,4.9421296
2011-05-15,4.872685
2011-05-16,4.7569447
2011-05-17,0.1736111
2011-05-18,0
2011-05-19,0
2011-05-20,0
2011-05-21,0
2011-05-22,0
2011-05-23,0
2011-05-24,0
2011-05-25,0
2011-05-26,0
2011-05-27,0
2011-05-28,0
2011-05-29,0
2011-05-30,0
2011-05-31,0
2011-06-01,0
2011-06-02,0
2011-06-03,0
2011-06-04,0
2011-06-05,0
2011-06-06,0
2011-06-07,0
2011-06-08,4.4097223
2011-06-09,4.4675927
2011-06-10,4.3055553
2011-06-11,4.375
2011-06-12,3.0439816
2011-06-13,3.0671296
2011-06-14,4.328704
2011-06-15,4.247685
2011-06-16,4.247685
2011-06-17,4.259259
2011-06-18,1.4583334
2011-06-19,1.1805556
2011-06-20,1.1689814
2011-06-21,1.1689814
2011-06-22,1.1805556
2011-06-23,1.1921296
2011-06-24,1.1921296
2011-06-25,0.12731482
2011-06-26,0
2011-06-27,0
2011-06-28,0
2011-06-29,0
2011-06-30,0
2011-07-01,0
2011-07-02,0
2011-07-03,0
2011-07-04,0
2011-07-05,0
2011-07-06,0
2011-07-07,0
2011-07-08,0
2011-07-09,0
2011-07-10,0
2011-07-11,0
2011-07-12,0
2011-07-13,3.7152777
2011-07-14,2.7083333
2011-07-15,2.3842592
2011-07-16,2.3379629
2011-07-17,2.3611112
2011-07-18,1.238426
2011-07-19,1.2152778
2011-07-20,1.8055556
2011-07-21,1.8171296
2011-07-22,0.7407407
2011-07-23,0.9722222
2011-07-24,1.25
2011-07-25,1.238426
2011-07-26,1.25
2011-07-27,1.238426
2011-07-28,1.25
2011-07-29,1.25
2011-07-30,1.2268518
2011-07-31,1.238426
2011-08-01,1.2731482
2011-08-02,1.238426
2011-08-03,1.238426
2011-08-04,1.25
2011-08-05,1.238426
2011-08-06,0.18518518
2011-08-07,0
2011-08-08,0
2011-08-09,0
2011-08-10,0.7175926
2011-08-11,0.7291667
2011-08-12,1.1805556
2011-08-13,1.1805556
2011-08-14,1.3078704
2011-08-15,1.1805556
2011-08-16,1.1921296
2011-08-17,0
2011-08-18,0
2011-08-19,0
2011-08-20,1.2152778
2011-08-21,1.2962962
2011-08-22,1.2962962
2011-08-23,1.2847222
2011-08-24,1.2962962
2011-08-25,1.2731482
2011-08-26,1.2847222
2011-08-27,1.261574
2011-08-28,1.2962962
2011-08-29,1.2962962
2011-08-30,0.3587963
2011-08-31,0
2011-09-01,0
2011-09-02,0
2011-09-03,0.8680556
2011-09-04,1.1689814
2011-09-05,1.2268518
2011-09-06,1.2152778
2011-09-07,0.3935185
2011-09-08,0
2011-09-09,0
2011-09-10,0.9953704
2011-09-11,1.3425926
2011-09-12,1.261574
2011-09-13,1.25
2011-09-14,1.724537
2011-09-15,1.7939814
2011-09-16,1.8171296
2011-09-17,1.7476852
2011-09-18,0
2011-09-19,0
2011-09-20,1.7361112
2011-09-21,2.5462964
2011-09-22,2.4074075
2011-09-23,2.4421296
2011-09-24,2.4189816
2011-09-25,2.4074075
2011-09-26,2.4537036
2011-09-27,1.8518518
2011-09-28,1.7939814
2011-09-29,1.8055556
2011-09-30,1.8171296
2011-10-01,0.33564815
2011-10-02,0
2011-10-03,0.7291667
2011-10-04,0.7291667
2011-10-05,1.238426
2011-10-06,1.2731482
2011-10-07,1.25
2011-10-08,1.2731482
2011-10-09,1.25
2011-10-10,1.261574
2011-10-11,1.2847222
2011-10-12,1.886574
2011-10-13,1.8518518
2011-10-14,1.8171296
2011-10-15,1.7939814
2011-10-16,1.8287038
2011-10-17,1.863426
2011-10-18,1.8518518
2011-10-19,1.7939814
2011-10-20,1.7939814
2011-10-21,1.8055556
2011-10-22,1.8055556
2011-10-23,1.8171296
2011-10-24,1.8171296
2011-10-25,1.8287038
2011-10-26,1.8171296
2011-10-27,1.8287038
2011-10-28,1.8055556
2011-10-29,1.7708334
2011-10-30,1.8287038
2011-10-31,1.8287038
2011-11-01,1.8287038
2011-11-02,1.8055556
2011-11-03,1.7939814
2011-11-04,1.8287038
2011-11-05,1.6898148
2011-11-06,1.7824074
2011-11-07,1.8287038
2011-11-08,1.7939814
2011-11-09,1.7592592
2011-11-10,1.7824074
2011-11-11,1.7939814
2011-11-12,1.7592592
2011-11-13,1.7824074
2011-11-14,1.7708334
2011-11-15,1.7824074
2011-11-16,1.7592592
2011-11-17,1.7708334
2011-11-18,3.113426
2011-11-19,2.8703704
2011-11-20,2.9629629
2011-11-21,3.0092592
2011-11-22,2.9629629
2011-11-23,2.9861112
2011-11-24,2.9513888
2011-11-25,2.9513888
2011-11-26,2.9513888
2011-11-27,3.0324075
2011-11-28,2.8125
2011-11-29,2.9282408
2011-11-30,2.9166667
2011-12-01,2.9282408
2011-12-02,1.25
2011-12-03,2.3726852
2011-12-04,2.3726852
2011-12-05,2.4074075
2011-12-06,2.3726852
2011-12-07,2.3611112
2011-12-08,2.3611112
2011-12-09,2.3379629
2011-12-10,2.3148148
2011-12-11,2.3148148
2011-12-12,2.3958333
2011-12-13,2.3495371
2011-12-14,2.3611112
2011-12-15,2.3263888
2011-12-16,2.3263888
2011-12-17,2.3495371
2011-12-18,2.2453704
2011-12-19,2.3495371
2011-12-20,2.511574
2011-12-21,2.511574
2011-12-22,2.5
2011-12-23,2.476852
2011-12-24,2.3495371
2011-12-25,2.4421296
2011-12-26,2.5578704
2011-12-27,2.476852
2011-12-28,2.5462964
2011-12-29,2.476852
2011-12-30,3.148148
2011-12-31,2.9861112
2012-01-01,3.7037036
2012-01-02,3.5532408
2012-01-03,3.5185184
2012-01-04,3.5995371
2012-01-05,3.5648148
2012-01-06,3.5995371
2012-01-07,2.9513888
2012-01-08,2.9282408
2012-01-09,2.9629629
2012-01-10,2.9398148
2012-01-11,2.9629629
2012-01-12,2.9050925
2012-01-13,2.9166667
2012-01-14,2.835648
2012-01-15,2.8472223
2012-01-16,3.0787036
2012-01-17,3.0439816
2012-01-18,2.9861112
2012-01-19,3.0208333
2012-01-20,3.0092592
2012-01-21,2.9629629
2012-01-22,2.9976852
2012-01-23,2.9861112
2012-01-24,2.9513888
2012-01-25,3.6921296
2012-01-26,3.5879629
2012-01-27,3.6458333
2012-01-28,3.5648148
2012-01-29,3.5763888
2012-01-30,1.1226852
2012-01-31,0.5671296
2012-02-01,2.5810184
2012-02-02,3.6342592
2012-02-03,3.5532408
2012-02-04,3.8194444
2012-02-05,3.6921296
2012-02-06,3.7037036
2012-02-07,2.4652777
2012-02-08,1.7476852
2012-02-09,1.7708334
2012-02-10,1.7361112
2012-02-11,1.7013888
2012-02-12,1.7361112
2012-02-13,1.7592592
2012-02-14,1.6203704
2012-02-15,1.724537
2012-02-16,3.0439816
2012-02-17,3.0787036
2012-02-18,3.148148
2012-02-19,3.113426
2012-02-20,3.0092592
2012-02-21,3.0555556
2012-02-22,3.0555556
2012-02-23,3.0439816
2012-02-24,3.0208333
2012-02-25,2.9513888
2012-02-26,3.5995371
2012-02-27,3.6805556
2012-02-28,2.9861112
2012-02-29,3.0324075
2012-03-01,2.5925925
2012-03-02,2.3842592
2012-03-03,2.3726852
2012-03-04,2.3726852
2012-03-05,2.3726852
2012-03-06,2.3726852
2012-03-07,2.3958333
2012-03-08,2.3495371
2012-03-09,2.3726852
2012-03-10,2.3726852
2012-03-11,2.3495371
2012-03-12,2.3958333
2012-03-13,2.3032408
2012-03-14,2.3379629
2012-03-15,1.8518518
2012-03-16,1.8055556
2012-03-17,1.8055556
2012-03-18,1.8055556
2012-03-19,1.8287038
2012-03-20,1.8055556
2012-03-21,1.7824074
2012-03-22,1.261574
2012-03-23,0.6944444
2012-03-24,0.6018519
2012-03-25,0.6018519
2012-03-26,0.5787037
2012-03-27,0.625
2012-03-28,0
2012-03-29,2.03125
2012-03-30,2.476852
2012-03-31,2.4537036
2012-04-01,2.5578704
2012-04-02,2.488426
2012-04-03,3.3564816
2012-04-04,2.5578704
2012-04-05,2.6504629
2012-04-06,2.5810184
2012-04-07,2.1064816
2012-04-08,2.1041667
2012-04-09,2.0949075
2012-04-10,2.164352
2012-04-11,2.0833333
2012-04-12,2.1412036
2012-04-13,2.1296296
2012-04-14,2.0717592
2012-04-15,2.1064816
2012-04-16,2.1527777
2012-04-17,2.164352
2012-04-18,2.0949075
2012-04-19,2.3148148
2012-04-20,2.4421296
2012-04-21,2.4074075
2012-04-22,2.4189816
2012-04-23,2.4305556
2012-04-24,2.4305556
2012-04-25,2.3726852
2012-04-26,2.4652777
2012-04-27,2.1875
2012-04-28,2.1064816
2012-04-29,2.1527777
2012-04-30,2.199074
2012-05-01,2.175926
2012-05-02,2.1296296
2012-05-03,2.1527777
2012-05-04,2.1296296
2012-05-05,2.1180556
2012-05-06,2.1296296
2012-05-07,2.1296296
2012-05-08,2.1296296
2012-05-09,2.1296296
2012-05-10,2.0949075
2012-05-11,1.550926
2012-05-12,1.5856482
2012-05-13,1.5856482
2012-05-14,1.6435186
2012-05-15,1.5856482
2012-05-16,1.5972222
2012-05-17,1.5972222
2012-05-18,1.5856482
2012-05-19,0.4513889
2012-05-20,0.4050926
2012-05-21,0.41666666
2012-05-22,0.2199074
2012-05-23,0.9837963
2012-05-24,0.9837963
2012-05-25,0.9953704
2012-05-26,0.9722222
2012-05-27,0.9953704
2012-05-28,1.0069444
2012-05-29,0.9953704
2012-05-30,0.9837963
2012-05-31,0.9953704
2012-06-01,1.2847222
2012-06-02,1.261574
2012-06-03,1.2847222
2012-06-04,1.2847222
2012-06-05,1.2962962
2012-06-06,1.7361112
2012-06-07,3.3564816
2012-06-08,6.1689816
2012-06-09,2.9398148
2012-06-10,1.863426
2012-06-11,2.210648
2012-06-12,2.476852
2012-06-13,2.4305556
2012-06-14,2.4305556
2012-06-15,1.8055556
2012-06-16,1.6087962
2012-06-17,1.574074
2012-06-18,1.574074
2012-06-19,1.5972222
2012-06-20,1.5856482
2012-06-21,1.5277778
2012-06-22,0
2012-06-23,0
2012-06-24,0
2012-06-25,1.1805556
2012-06-26,1.3888888
2012-06-27,1.3078704
2012-06-28,1.3078704
2012-06-29,1.3194444
2012-06-30,1.3078704
2012-07-01,1.2731482
2012-07-02,1.3541666
2012-07-03,1.3194444
2012-07-04,1.3310186
2012-07-05,1.5972222
2012-07-06,1.5972222
2012-07-07,1.5625
2012-07-08,1.6203704
2012-07-09,1.6203704
2012-07-10,2.2685184
2012-07-11,2.1064816
2012-07-12,2.1527777
2012-07-13,1.8518518
2012-07-14,1.7824074
2012-07-15,1.8402778
2012-07-16,1.2731482
2012-07-17,1.2268518
2012-07-18,1.6898148
2012-07-19,1.574074
2012-07-20,1.5856482
2012-07-21,1.4467592
2012-07-22,1.5856482
2012-07-23,1.5972222
2012-07-24,1.5856482
2012-07-25,1.574074
2012-07-26,1.5856482
2012-07-27,0.046296295
2012-07-28,0
2012-07-29,0
2012-07-30,0
2012-07-31,1.7592592
2012-08-01,1.5856482
2012-08-02,1.5046296
2012-08-03,1.4699074
2012-08-04,1.4699074
2012-08-05,1.4930556
2012-08-06,1.4930556
2012-08-07,1.5046296
2012-08-08,1.4814814
2012-08-09,1.4814814
2012-08-10,1.4930556
2012-08-11,1.4814814
2012-08-12,1.5046296
2012-08-13,1.1458334
2012-08-14,1.1458334
2012-08-15,1.1805556
2012-08-16,1.1458334
2012-08-17,0.8333333
2012-08-18,0
2012-08-19,0
2012-08-20,0
2012-08-21,0
2012-08-22,0
2012-08-23,0
2012-08-24,0
2012-08-25,0
2012-08-26,0
2012-08-27,0
2012-08-28,0
2012-08-29,0
2012-08-30,0
2012-08-31,0
2012-09-01,0.9953704
2012-09-02,1.0069444
2012-09-03,1.4467592
2012-09-04,1.4351852
2012-09-05,2.2222223
2012-09-06,2.1412036
2012-09-07,0.28935185
2012-09-08,0
2012-09-09,0
2012-09-10,0.5428241
2012-09-11,1.3194444
2012-09-12,1.25
2012-09-13,1.238426
2012-09-14,1.25
2012-09-15,1.2152778
2012-09-16,1.238426
2012-09-17,1.2731482
2012-09-18,1.25
2012-09-19,1.0069444
2012-09-20,0.8912037
2012-09-21,0.8680556
2012-09-22,0.8333333
2012-09-23,0.8680556
2012-09-24,0.9259259
2012-09-25,0.8796296
2012-09-26,0.8796296
2012-09-27,0.8333333
2012-09-28,0.8217593
2012-09-29,0.8680556
2012-09-30,1.2268518
2012-10-01,1.1921296
2012-10-02,1.2152778
2012-10-03,1.1921296
2012-10-04,1.1805556
2012-10-05,1.1574074
2012-10-06,1.1921296
2012-10-07,1.1226852
2012-10-08,1.2037038
2012-10-09,1.1921296
2012-10-10,1.1921296
2012-10-11,1.7708334
2012-10-12,1.8518518
2012-10-13,1.886574
2012-10-14,1.875
2012-10-15,2.3148148
2012-10-16,2.0833333
2012-10-17,3.449074
2012-10-18,3.414352
2012-10-19,3.773148
2012-10-20,3.6689816
2012-10-21,3.726852
2012-10-22,2.8587964
2012-10-23,3.9467592
2012-10-24,3.8888888
2012-10-25,3.4722223
2012-10-26,3.449074
2012-10-27,0
2012-10-28,1.4351852
2012-10-29,1.5625
2012-10-30,1.4930556
2012-10-31,4.0509257
2012-11-01,3.8657408
2012-11-02,2.8587964
2012-11-03,1.1458334
2012-11-04,1.1226852
2012-11-05,1.0648148
2012-11-06,1.238426
2012-11-07,1.2152778
2012-11-08,1.2152778
2012-11-09,1.2268518
2012-11-10,1.1921296
2012-11-11,1.1921296
2012-11-12,1.2152778
2012-11-13,1.1689814
2012-11-14,1.2847222
2012-11-15,1.25
2012-11-16,1.2847222
2012-11-17,1.25
2012-11-18,1.2731482
2012-11-19,1.2731482
2012-11-20,1.2268518
2012-11-21,1.2037038
2012-11-22,1.2731482
2012-11-23,1.2268518
2012-11-24,1.1921296
2012-11-25,1.1921296
2012-11-26,1.261574
2012-11-27,1.2037038
2012-11-28,1.2152778
2012-11-29,1.1805556
2012-11-30,3.6111112
2012-12-01,3.6574075
2012-12-02,3.6458333
2012-12-03,3.6805556
2012-12-04,2.4074075
2012-12-05,2.4189816
2012-12-06,2.4074075
2012-12-07,2.3958333
2012-12-08,2.3263888
2012-12-09,2.3379629
2012-12-10,2.4537036
2012-12-11,2.3958333
2012-12-12,2.3495371
2012-12-13,2.3495371
2012-12-14,2.3263888
2012-12-15,2.3148148
2012-12-16,2.3726852
2012-12-17,2.3958333
2012-12-18,2.3842592
2012-12-19,2.3263888
2012-12-20,2.3379629
2012-12-21,2.3611112
2012-12-22,2.3726852
2012-12-23,2.4305556
2012-12-24,2.2685184
2012-12-25,2.210648
2012-12-26,2.4189816
2012-12-27,2.3611112
2012-12-28,2.3611112
2012-12-29,2.2569444
2012-12-30,2.3263888
2012-12-31,2.3842592
2013-01-01,2.3032408
2013-01-02,2.3495371
2013-01-03,0.8333333
2013-01-04,2.0254629
2013-01-05,2.3495371
2013-01-06,2.4652777
2013-01-07,3.1597223
2013-01-08,2.8935184
2013-01-09,2.8587964
2013-01-10,2.8935184
2013-01-11,2.488426
2013-01-12,2.3148148
2013-01-13,2.4189816
2013-01-14,2.3263888
2013-01-15,0.5902778
2013-01-16,0.6018519
2013-01-17,0.6018519
2013-01-18,0.6134259
2013-01-19,0.8217593
2013-01-20,0.8217593
2013-01-21,0.7986111
2013-01-22,0.8101852
2013-01-23,0.775463
2013-01-24,0.8217593
2013-01-25,0.7523148
2013-01-26,2.4305556
2013-01-27,2.4189816
2013-01-28,2.4421296
2013-01-29,2.4305556
2013-01-30,2.3726852
2013-01-31,2.3842592
2013-02-01,2.3958333
2013-02-02,2.3148148
2013-02-03,2.3726852
2013-02-04,2.4189816
2013-02-05,2.3495371
2013-02-06,2.3495371
2013-02-07,2.3611112
2013-02-08,2.3495371
2013-02-09,2.3379629
2013-02-10,2.3726852
2013-02-11,2.3495371
2013-02-12,1.2962962
2013-02-13,1.2268518
2013-02-14,1.2152778
2013-02-15,1.2037038
2013-02-16,1.1805556
2013-02-17,1.1921296
2013-02-18,1.2152778
2013-02-19,1.2152778
2013-02-20,1.25
2013-02-21,1.238426
2013-02-22,1.2152778
2013-02-23,1.2037038
2013-02-24,1.2152778
2013-02-25,1.238426
2013-02-26,1.238426
2013-02-27,1.2268518
2013-02-28,1.1921296
2013-03-01,1.2152778
2013-03-02,1.1805556
2013-03-03,1.2152778
2013-03-04,1.261574
2013-03-05,1.238426
2013-03-06,1.2731482
2013-03-07,1.238426
2013-03-08,1.2268518
2013-03-09,1.2268518
2013-03-10,1.2731482
2013-03-11,1.7824074
2013-03-12,1.8055556
2013-03-13,2.4074075
2013-03-14,2.3958333
2013-03-15,2.3842592
2013-03-16,3.5532408
2013-03-17,3.5879629
2013-03-18,3.6458333
2013-03-19,3.5879629
2013-03-20,3.5648148
2013-03-21,3.5300925
2013-03-22,3.5185184
2013-03-23,3.5069444
2013-03-24,3.5300925
2013-03-25,3.5300925
2013-03-26,3.5069444
2013-03-27,3.4722223
2013-03-28,3.4837964
2013-03-29,3.3912036
2013-03-30,3.4837964
2013-03-31,1.2152778
2013-04-01,0.6597222
2013-04-02,0.6712963
2013-04-03,0
2013-04-04,0
2013-04-05,0
2013-04-06,0
2013-04-07,0
2013-04-08,0
2013-04-09,0
2013-04-10,0
2013-04-11,0
2013-04-12,0
2013-04-13,0
2013-04-14,0
2013-04-15,0
2013-04-16,0
2013-04-17,0
2013-04-18,0
2013-04-19,0
2013-04-20,1.1458334
2013-04-21,3.113426
2013-04-22,3.0555556
2013-04-23,2.824074
2013-04-24,3.113426
2013-04-25,2.8819444
2013-04-26,3.0208333
2013-04-27,2.8472223
2013-04-28,2.9050925
2013-04-29,2.9976852
2013-04-30,2.488426
2013-05-01,2.488426
2013-05-02,2.4652777
2013-05-03,2.4189816
2013-05-04,2.3263888
2013-05-05,2.3842592
2013-05-06,2.3726852
2013-05-07,2.3726852
2013-05-08,2.3495371
2013-05-09,2.3611112
2013-05-10,2.3263888
2013-05-11,1.8171296
2013-05-12,1.7824074
2013-05-13,1.7708334
2013-05-14,1.7824074
2013-05-15,1.7708334
2013-05-16,1.7708334
2013-05-17,1.7592592
2013-05-18,1.1574074
2013-05-19,1.1458334
2013-05-20,1.1574074
2013-05-21,1.8402778
2013-05-22,2.4537036
2013-05-23,2.0833333
2013-05-24,2.0833333
2013-05-25,1.9791666
2013-05-26,2.0138888
2013-05-27,2.0138888
2013-05-28,2.0023148
2013-05-29,1.9791666
2013-05-30,1.9675926
2013-05-31,1.9675926
2013-06-01,1.238426
2013-06-02,1.2037038
2013-06-03,1.2037038
2013-06-04,1.2037038
2013-06-05,1.2037038
2013-06-06,1.2037038
2013-06-07,1.2037038
2013-06-08,1.3425926
2013-06-09,1.2962962
2013-06-10,1.2268518
2013-06-11,1.261574
2013-06-12,1.238426
2013-06-13,1.238426
2013-06-14,1.238426
2013-06-15,1.2268518
2013-06-16,1.261574
2013-06-17,1.238426
2013-06-18,1.238426
2013-06-19,1.25
2013-06-20,1.25
2013-06-21,1.238426
2013-06-22,1.2037038
2013-06-23,1.2731482
2013-06-24,1.261574
2013-06-25,1.25
2013-06-26,1.953125
2013-06-27,2.4305556
2013-06-28,3.1944444
2013-06-29,3.0902777
2013-06-30,2.9629629
2013-07-01,3.0439816
2013-07-02,3.9120371
2013-07-03,3.8310184
2013-07-04,4.247685
2013-07-05,3.5763888
2013-07-06,2.2453704
2013-07-07,2.2800925
2013-07-08,2.3495371
2013-07-09,2.3379629
2013-07-10,1.7476852
2013-07-11,1.412037
2013-07-12,1.5393518
2013-07-13,1.5162038
2013-07-14,1.5162038
2013-07-15,1.5856482
2013-07-16,1.4699074
2013-07-17,1.4814814
2013-07-18,1.4699074
2013-07-19,0.32407406
2013-07-20,0
2013-07-21,0
2013-07-22,0
2013-07-23,0
2013-07-24,0
2013-07-25,0
2013-07-26,1.5972222
2013-07-27,1.5625
2013-07-28,1.5972222
2013-07-29,1.5856482
2013-07-30,1.5972222
2013-07-31,1.5856482
2013-08-01,2.2453704
2013-08-02,2.175926
2013-08-03,2.1296296
2013-08-04,2.164352
2013-08-05,2.2337964
2013-08-06,2.1875
2013-08-07,2.1412036
2013-08-08,2.1180556
2013-08-09,2.1412036
2013-08-10,2.1412036
2013-08-11,2.1296296
2013-08-12,2.1412036
2013-08-13,2.1412036
2013-08-14,2.1296296
2013-08-15,2.1875
2013-08-16,1.6550926
2013-08-17,1.574074
2013-08-18,0.5902778
2013-08-19,0
2013-08-20,0
2013-08-21,0
2013-08-22,0
2013-08-23,0
2013-08-24,0
2013-08-25,0
2013-08-26,0.6365741
2013-08-27,0.4861111
2013-08-28,1.5856482
2013-08-29,1.5972222
2013-08-30,1.5856482
2013-08-31,1.5625
2013-09-01,1.6087962
2013-09-02,1.5856482
2013-09-03,2.4652777
2013-09-04,2.4652777
2013-09-05,3.2407408
2013-09-06,3.4953704
2013-09-07,3.3217592
2013-09-08,3.3796296
2013-09-09,3.2638888
2013-09-10,3.2638888
2013-09-11,3.2986112
2013-09-12,3.3101852
2013-09-13,3.2754629
2013-09-14,1.5393518
2013-09-15,1.5393518
2013-09-16,1.574074
2013-09-17,1.5393518
2013-09-18,1.2731482
2013-09-19,1.1574074
2013-09-20,0.9259259
2013-09-21,0.9490741
2013-09-22,0.9375
2013-09-23,0.9375
2013-09-24,0.9259259
2013-09-25,0.9143519
2013-09-26,0.9375
2013-09-27,0.9375
2013-09-28,0.9143519
2013-09-29,0.9375
2013-09-30,0.9490741
2013-10-01,0.9259259
2013-10-02,0.9375
2013-10-03,0.9490741
2013-10-04,0.9375
2013-10-05,0.9375
2013-10-06,0.8912037
2013-10-07,0.9259259
2013-10-08,0.9143519
2013-10-09,0.9375
2013-10-10,0.9259259
2013-10-11,0.9375
2013-10-12,0.9143519
2013-10-13,0.9259259
2013-10-14,0.9606481
2013-10-15,0.9722222
2013-10-16,0.9490741
2013-10-17,0.9259259
2013-10-18,0.9490741
2013-10-19,0.9259259
2013-10-20,0.9259259
2013-10-21,0.9143519
2013-10-22,0.9490741
2013-10-23,0.9837963
2013-10-24,1.0069444
2013-10-25,0.9722222
2013-10-26,0.9143519
2013-10-27,0.9375
2013-10-28,0.9375
2013-10-29,0.9953704
2013-10-30,1.0069444
2013-10-31,0.9953704
2013-11-01,1.0069444
2013-11-02,0.9953704
2013-11-03,0.6944444
2013-11-04,1.0185186
2013-11-05,0.6712963
2013-11-06,1.8981482
2013-11-07,1.886574
2013-11-08,1.886574
2013-11-09,1.863426
2013-11-10,1.8981482
2013-11-11,1.9560186
2013-11-12,1.8981482
2013-11-13,0.8449074
2013-11-14,0.787037
2013-11-15,0.7638889
2013-11-16,0.7523148
2013-11-17,0.7523148
2013-11-18,0.7638889
2013-11-19,0.787037
2013-11-20,0.775463
2013-11-21,0.775463
2013-11-22,0.7638889
2013-11-23,0.7407407
2013-11-24,0.775463
2013-11-25,0.787037
2013-11-26,0.7638889
2013-11-27,0.7523148
2013-11-28,0.787037
2013-11-29,0.7407407
2013-11-30,0.7523148
2013-12-01,0.7986111
2013-12-02,0.7407407
2013-12-03,0.7638889
2013-12-04,0.8101852
2013-12-05,0.7523148
2013-12-06,1.4236112
2013-12-07,1.3078704
2013-12-08,1.3541666
2013-12-09,1.3541666
2013-12-10,1.2731482
2013-12-11,1.261574
2013-12-12,1.2731482
2013-12-13,1.2731482
2013-12-14,1.25
2013-12-15,1.2962962
2013-12-16,1.2847222
2013-12-17,1.261574
2013-12-18,1.9212962
2013-12-19,2.476852
2013-12-20,3.148148
2013-12-21,3.0902777
2013-12-22,3.0208333
2013-12-23,3.136574
2013-12-24,3.125
2013-12-25,1.3078704
2013-12-26,1.2847222
2013-12-27,1.3194444
2013-12-28,1.2731482
2013-12-29,1.3078704
2013-12-30,1.2962962
2013-12-31,1.2962962
2014-01-01,1.886574
2014-01-02,1.9328704
2014-01-03,1.7013888
2014-01-04,1.6666666
2014-01-05,0.625
2014-01-06,0.6134259
2014-01-07,0.625
2014-01-08,0.6481481
2014-01-09,0.6944444
2014-01-10,1.25
2014-01-11,2.3726852
2014-01-12,2.4189816
2014-01-13,2.4189816
2014-01-14,2.3726852
2014-01-15,2.3726852
2014-01-16,2.3726852
2014-01-17,2.3379629
2014-01-18,2.3611112
2014-01-19,1.1574074
2014-01-20,1.1458334
2014-01-21,1.1458334
2014-01-22,0.7060185
2014-01-23,0.6828704
2014-01-24,0.6597222
2014-01-25,0.47453704
2014-01-26,1.2037038
2014-01-27,2.3842592
2014-01-28,2.9745371
2014-01-29,2.2916667
2014-01-30,1.724537
2014-01-31,1.7708334
2014-02-01,1.712963
2014-02-02,1.724537
2014-02-03,1.7361112
2014-02-04,1.2152778
2014-02-05,1.1921296
2014-02-06,1.1805556
2014-02-07,1.1805556
2014-02-08,1.1574074
2014-02-09,1.1226852
2014-02-10,1.1689814
2014-02-11,1.1805556
2014-02-12,1.1342592
2014-02-13,1.1226852
2014-02-14,0.6481481
2014-02-15,0.6365741
2014-02-16,0.6597222
2014-02-17,0.6944444
2014-02-18,0.6828704
2014-02-19,0
2014-02-20,0
2014-02-21,0
2014-02-22,0
2014-02-23,0
2014-02-24,0
2014-02-25,0
2014-02-26,0.6018519
2014-02-27,0.6134259
2014-02-28,0.6018519
2014-03-01,0.5902778
2014-03-02,0
2014-03-03,0
2014-03-04,0
2014-03-05,0
2014-03-06,0.6018519
2014-03-07,0.32407406
2014-03-08,0.33564815
2014-03-09,0.33564815
2014-03-10,0.32407406
2014-03-11,0.32407406
2014-03-12,0.3125
2014-03-13,0.32407406
2014-03-14,0.32407406
2014-03-15,0.3125
2014-03-16,0.3125
2014-03-17,0.32407406
2014-03-18,0.32407406
2014-03-19,0.3125
2014-03-20,0.3125
2014-03-21,0.32407406
2014-03-22,0.32407406
2014-03-23,0.32407406
2014-03-24,0.3125
2014-03-25,0.3125
2014-03-26,0.32407406
2014-03-27,0.32407406
2014-03-28,0.32407406
2014-03-29,0.3125
2014-03-30,1.9097222
2014-03-31,2.488426
2014-04-01,3.2523148
2014-04-02,4.1319447
2014-04-03,4.1435184
2014-04-04,3.0092592
2014-04-05,2.2800925
2014-04-06,1.550926
2014-04-07,0.8101852
2014-04-08,0.2777778
2014-04-09,0.3587963
2014-04-10,0.9490741
2014-04-11,0.9375
2014-04-12,0.9375
2014-04-13,0.9375
2014-04-14,0.9375
2014-04-15,0.9490741
2014-04-16,0.9143519
2014-04-17,0.9375
2014-04-18,0.625
2014-04-19,0.6481481
2014-04-20,0.625
2014-04-21,0.05787037
2014-04-22,0.625
2014-04-23,0.625
2014-04-24,0.6365741
2014-04-25,0.6134259
2014-04-26,0.625
2014-04-27,0.6365741
2014-04-28,0.6481481
2014-04-29,0.6134259
2014-04-30,0.6365741
2014-05-01,0.6365741
2014-05-02,0.625
2014-05-03,0.6365741
2014-05-04,0.6365741
2014-05-05,0.6365741
2014-05-06,0.6481481
2014-05-07,0.625
2014-05-08,0.6365741
2014-05-09,0.6365741
2014-05-10,0.6134259
2014-05-11,0.625
2014-05-12,0.6365741
2014-05-13,0.625
2014-05-14,0.625
2014-05-15,0.6134259
2014-05-16,0.625
2014-05-17,0.6018519
2014-05-18,0.625
2014-05-19,0.6134259
2014-05-20,2.3263888
2014-05-21,2.3263888
2014-05-22,2.3611112
2014-05-23,2.3379629
2014-05-24,1.1458334
2014-05-25,1.1574074
2014-05-26,1.1921296
2014-05-27,1.1689814
2014-05-28,1.1689814
2014-05-29,1.1574074
2014-05-30,1.1458334
2014-05-31,1.1921296
2014-06-01,1.1689814
2014-06-02,1.1805556
2014-06-03,0.5671296
2014-06-04,0.5671296
2014-06-05,0.5671296
2014-06-06,0.3472222
2014-06-07,0.33564815
2014-06-08,0.3125
2014-06-09,0.32407406
2014-06-10,0.33564815
2014-06-11,0.3472222
2014-06-12,1.4467592
2014-06-13,1.5046296
2014-06-14,1.4930556
2014-06-15,1.4814814
2014-06-16,1.3888888
2014-06-17,0.9375
2014-06-18,0.9143519
2014-06-19,1.3078704
2014-06-20,0.9490741
2014-06-21,1.4563657
2014-06-22,4.664352
2014-06-23,1.7708334
2014-06-24,1.0300926
2014-06-25,0.4050926
2014-06-26,0.8217593
2014-06-27,0.5902778
2014-06-28,0.5902778
2014-06-29,0
2014-06-30,0
2014-07-01,0.7175926
2014-07-02,0.9259259
2014-07-03,0.9375
2014-07-04,0.9259259
2014-07-05,0.9259259
2014-07-06,0.9259259
2014-07-07,0.9490741
2014-07-08,0.9375
2014-07-09,0.9375
2014-07-10,0.12731482
2014-07-11,0
2014-07-12,0
2014-07-13,0
2014-07-14,0
2014-07-15,0.5555556
2014-07-16,0.5787037
2014-07-17,0.5902778
2014-07-18,0
2014-07-19,0
2014-07-20,0
2014-07-21,0
2014-07-22,0
2014-07-23,0
2014-07-24,0.5902778
2014-07-25,0.06944445
2014-07-26,0
2014-07-27,0
2014-07-28,0
2014-07-29,5.5671296
2014-07-30,5.787037
2014-07-31,6.921296
2014-08-01,2.6273148
2014-08-02,0
2014-08-03,0
2014-08-04,5.625
2014-08-05,4.201389
2014-08-06,2.6157408
2014-08-07,2.8703704
2014-08-08,2.3263888
2014-08-09,1.1342592
2014-08-10,1.1342592
2014-08-11,1.1689814
2014-08-12,1.1574074
2014-08-13,1.1458334
2014-08-14,0.7060185
2014-08-15,0.6944444
2014-08-16,0.9143519
2014-08-17,0.9143519
2014-08-18,0.9490741
2014-08-19,0.9259259
2014-08-20,0.9259259
2014-08-21,0.9143519
2014-08-22,0.6828704
2014-08-23,0.5902778
2014-08-24,0.5787037
2014-08-25,1.1689814
2014-08-26,1.7476852
2014-08-27,3.4722223
2014-08-28,3.4837964
2014-08-29,3.460648
2014-08-30,3.3680556
2014-08-31,3.4837964
2014-09-01,3.5185184
2014-09-02,2.9050925
2014-09-03,2.9166667
2014-09-04,2.3032408
2014-09-05,2.2916667
2014-09-06,2.3032408
2014-09-07,2.3032408
2014-09-08,2.3148148
2014-09-09,2.3032408
2014-09-10,2.2800925
2014-09-11,1.5046296
2014-09-12,1.5046296
2014-09-13,1.4699074
2014-09-14,1.4930556
2014-09-15,1.5393518
2014-09-16,1.5046296
2014-09-17,2.6388888
2014-09-18,2.6504629
2014-09-19,2.6504629
2014-09-20,2.6273148
2014-09-21,2.6388888
2014-09-22,2.6620371
2014-09-23,2.6388888
2014-09-24,2.6388888
2014-09-25,2.6273148
2014-09-26,2.6157408
2014-09-27,2.6041667
2014-09-28,2.6273148
2014-09-29,2.6041667
2014-09-30,2.6273148
2014-10-01,2.6041667
2014-10-02,1.5046296
2014-10-03,0.9143519
2014-10-04,0.8796296
2014-10-05,1.5277778
2014-10-06,1.7824074
2014-10-07,1.7708334
2014-10-08,1.7476852
2014-10-09,2.6736112
2014-10-10,2.6504629
2014-10-11,2.6157408
2014-10-12,3.2407408
2014-10-13,3.9351852
2014-10-14,3.8657408
2014-10-15,3.8657408
2014-10-16,0.8912037
2014-10-17,0.8912037
2014-10-18,0.9027778
2014-10-19,0.8796296
2014-10-20,0.8912037
2014-10-21,0.8912037
2014-10-22,0.8680556
2014-10-23,0.8912037
2014-10-24,0.8796296
2014-10-25,0.8564815
2014-10-26,0.8796296
2014-10-27,0.9143519
2014-10-28,0.8912037
2014-10-29,0.8912037
2014-10-30,0.8912037
2014-10-31,0.8796296
2014-11-01,2.6157408
2014-11-02,1.5162038
2014-11-03,2.7314816
2014-11-04,2.6967592
2014-11-05,2.6736112
2014-11-06,2.6851852
2014-11-07,2.6736112
2014-11-08,2.6388888
2014-11-09,2.6504629
2014-11-10,2.6736112
2014-11-11,2.6851852
2014-11-12,2.6620371
2014-11-13,2.6504629
2014-11-14,3.2638888
2014-11-15,3.2638888
2014-11-16,3.2523148
2014-11-17,3.2986112
2014-11-18,3.2986112
2014-11-19,2.6851852
2014-11-20,2.4189816
2014-11-21,2.4305556
2014-11-22,1.8055556
2014-11-23,1.863426
2014-11-24,1.9212962
2014-11-25,1.863426
2014-11-26,1.8518518
2014-11-27,1.875
2014-11-28,1.8518518
2014-11-29,1.8402778
2014-11-30,1.863426
2014-12-01,1.8518518
2014-12-02,1.8171296
2014-12-03,1.8171296
2014-12-04,1.863426
2014-12-05,2.4652777
2014-12-06,2.3611112
2014-12-07,2.8472223
2014-12-08,3.101852
2014-12-09,2.9976852
2014-12-10,3.0208333
2014-12-11,2.9976852
2014-12-12,3.0092592
2014-12-13,2.9629629
2014-12-14,2.9976852
2014-12-15,2.9976852
2014-12-16,2.9976852
2014-12-17,3.0208333
2014-12-18,3.0208333
2014-12-19,3.0324075
2014-12-20,2.800926
2014-12-21,3.2870371
2014-12-22,3.0787036
2014-12-23,2.523148
2014-12-24,2.3726852
2014-12-25,1.863426
2014-12-26,1.875
2014-12-27,1.8518518
2014-12-28,1.8518518
2014-12-29,1.875
2014-12-30,1.863426
2014-12-31,2.8935184
2015-01-01,2.8125
2015-01-02,2.9513888
2015-01-03,3.414352
2015-01-04,3.414352
2015-01-05,3.6805556
2015-01-06,2.824074
2015-01-07,2.8935184
2015-01-08,2.9282408
2015-01-09,2.8935184
2015-01-10,1.7708334
2015-01-11,1.724537
2015-01-12,1.1689814
2015-01-13,1.1574074
2015-01-14,1.1458334
2015-01-15,1.1342592
2015-01-16,1.1805556
2015-01-17,1.1458334
2015-01-18,1.1574074
2015-01-19,1.1921296
2015-01-20,1.1574074
2015-01-21,2.2916667
2015-01-22,2.2685184
2015-01-23,2.2916667
2015-01-24,2.3148148
2015-01-25,2.3032408
2015-01-26,2.3379629
2015-01-27,2.3726852
2015-01-28,2.3379629
2015-01-29,2.2337964
2015-01-30,2.4537036
2015-01-31,2.3032408
2015-02-01,2.3495371
2015-02-02,2.3842592
2015-02-03,2.3611112
2015-02-04,2.3611112
2015-02-05,2.3379629
2015-02-06,2.3611112
2015-02-07,2.3379629
2015-02-08,3.460648
2015-02-09,3.449074
2015-02-10,3.449074
2015-02-11,3.460648
2015-02-12,3.449074
2015-02-13,3.425926
2015-02-14,3.5300925
2015-02-15,3.3680556
2015-02-16,3.425926
2015-02-17,2.3148148
2015-02-18,2.3842592
2015-02-19,1.1458334
2015-02-20,1.1574074
2015-02-21,1.1342592
2015-02-22,3.460648
2015-02-23,3.425926
2015-02-24,3.4375
2015-02-25,3.449074
2015-02-26,2.2222223
2015-02-27,2.3958333
2015-02-28,2.3032408
2015-03-01,2.2569444
2015-03-02,2.3148148
2015-03-03,2.2800925
2015-03-04,2.2916667
2015-03-05,2.2916667
2015-03-06,2.2916667
2015-03-07,2.2453704
2015-03-08,2.3148148
2015-03-09,2.3148148
2015-03-10,2.3379629
2015-03-11,2.3263888
2015-03-12,2.3379629
2015-03-13,1.7013888
2015-03-14,1.7476852
2015-03-15,1.7361112
2015-03-16,1.6666666
2015-03-17,1.7013888
2015-03-18,1.712963
2015-03-19,1.6782408
2015-03-20,1.6550926
2015-03-21,1.7592592
2015-03-22,1.6898148
2015-03-23,1.7013888
2015-03-24,1.6782408
2015-03-25,2.3263888
2015-03-26,2.3842592
2015-03-27,2.3263888
2015-03-28,2.9861112
2015-03-29,2.8472223
2015-03-30,2.9166667
2015-03-31,2.9050925
2015-04-01,2.9282408
2015-04-02,4.0509257
2015-04-03,4.0046296
2015-04-04,2.800926
2015-04-05,4.1550927
2015-04-06,3.9930556
2015-04-07,2.3611112
2015-04-08,2.2800925
2015-04-09,2.3148148
2015-04-10,2.2800925
2015-04-11,2.3379629
2015-04-12,2.2800925
2015-04-13,2.2800925
2015-04-14,2.2916667
2015-04-15,2.164352
2015-04-16,2.3495371
2015-04-17,2.2569444
2015-04-18,2.210648
2015-04-19,2.2453704
2015-04-20,2.2916667
2015-04-21,1.2037038
2015-04-22,2.0833333
2015-04-23,2.0949075
2015-04-24,2.0833333
2015-04-25,2.0601852
2015-04-26,2.0717592
2015-04-27,1.550926
2015-04-28,1.5162038
2015-04-29,1.5162038
2015-04-30,1.5162038
2015-05-01,1.5162038
2015-05-02,1.4814814
2015-05-03,1.5046296
2015-05-04,1.5046296
2015-05-05,1.5046296
2015-05-06,1.5046296
2015-05-07,1.5046296
2015-05-08,1.4930556
2015-05-09,1.4699074
2015-05-10,1.4699074
2015-05-11,1.5277778
2015-05-12,1.4930556
2015-05-13,1.5046296
2015-05-14,1.5046296
2015-05-15,1.5046296
2015-05-16,1.5162038
2015-05-17,1.550926
2015-05-18,1.412037
2015-05-19,1.4930556
2015-05-20,1.4814814
2015-05-21,1.4930556
2015-05-22,1.4930556
2015-05-23,1.4583334
2015-05-24,2.0833333
2015-05-25,2.1296296
2015-05-26,2.0717592
2015-05-27,2.0717592
2015-05-28,2.0833333
2015-05-29,2.0601852
2015-05-30,2.0833333
2015-05-31,2.0601852
2015-06-01,2.0601852
2015-06-02,2.0486112
2015-06-03,2.0601852
2015-06-04,2.0717592
2015-06-05,2.0486112
2015-06-06,2.0486112
2015-06-07,1.4930556
2015-06-08,1.5046296
2015-06-09,1.5393518
2015-06-10,1.5046296
2015-06-11,1.5046296
2015-06-12,1.5046296
2015-06-13,1.5162038
2015-06-14,1.5162038
2015-06-15,1.5046296
2015-06-16,1.4930556
2015-06-17,1.5046296
2015-06-18,1.5046296
2015-06-19,1.4814814
2015-06-20,1.4930556
2015-06-21,1.5046296
2015-06-22,1.5277778
2015-06-23,1.5046296
2015-06-24,0
2015-06-25,2.0833333
2015-06-26,2.0949075
2015-06-27,2.0833333
2015-06-28,2.0949075
2015-06-29,2.0833333
2015-06-30,2.0949075
2015-07-01,2.0833333
2015-07-02,2.0833333
2015-07-03,2.0833333
2015-07-04,2.0833333
2015-07-05,2.2337964
2015-07-06,2.0833333
2015-07-07,2.0717592
2015-07-08,2.0717592
2015-07-09,1.5162038
2015-07-10,1.5277778
2015-07-11,1.4814814
2015-07-12,1.1458334
2015-07-13,0.9606481
2015-07-14,0.9375
2015-07-15,0.9490741
2015-07-16,0.9490741
2015-07-17,0.9606481
2015-07-18,0.9490741
2015-07-19,0.9722222
2015-07-20,0.9606481
2015-07-21,0.9722222
2015-07-22,1.5046296
2015-07-23,1.5277778
2015-07-24,1.2037038
2015-07-25,1.4814814
2015-07-26,1.5162038
2015-07-27,1.5625
2015-07-28,1.5393518
2015-07-29,2.0949075
2015-07-30,2.1180556
2015-07-31,2.0833333
2015-08-01,2.164352
2015-08-02,2.0486112
2015-08-03,2.1296296
2015-08-04,1.7476852
2015-08-05,1.5162038
2015-08-06,1.5162038
2015-08-07,1.5277778
2015-08-08,1.5046296
2015-08-09,1.5393518
2015-08-10,1.5277778
2015-08-11,1.5393518
2015-08-12,1.550926
2015-08-13,1.5393518
2015-08-14,1.5625
2015-08-15,1.550926
2015-08-16,2.1180556
2015-08-17,2.1180556
2015-08-18,2.1180556
2015-08-19,2.1064816
2015-08-20,2.1180556
2015-08-21,2.1180556
2015-08-22,2.0949075
2015-08-23,2.1180556
2015-08-24,2.175926
2015-08-25,2.1180556
2015-08-26,2.1180556
2015-08-27,2.1296296
2015-08-28,2.6851852
2015-08-29,2.6620371
2015-08-30,2.6620371
2015-08-31,2.6851852
2015-09-01,2.6851852
2015-09-02,2.1064816
2015-09-03,2.0833333
2015-09-04,1.5162038
2015-09-05,1.5393518
2015-09-06,1.5162038
2015-09-07,1.5393518
2015-09-08,1.5277778
2015-09-09,1.5393518
2015-09-10,1.550926
2015-09-11,1.5162038
2015-09-12,1.5162038
2015-09-13,1.5162038
2015-09-14,1.6087962
2015-09-15,1.5393518
2015-09-16,1.5625
2015-09-17,1.574074
2015-09-18,1.550926
2015-09-19,1.550926
2015-09-20,1.5625
2015-09-21,1.5625
2015-09-22,1.5625
2015-09-23,1.574074
2015-09-24,1.5856482
2015-09-25,1.574074
2015-09-26,1.550926
2015-09-27,1.5393518
2015-09-28,1.550926
2015-09-29,1.8171296
2015-09-30,1.863426
2015-10-01,1.875
2015-10-02,1.863426
2015-10-03,2.6041667
2015-10-04,2.5810184
2015-10-05,2.6620371
2015-10-06,2.5578704
2015-10-07,2.488426
2015-10-08,2.488426
2015-10-09,2.5
2015-10-10,2.488426
2015-10-11,2.488426
2015-10-12,2.488426
2015-10-13,2.511574
2015-10-14,2.511574
2015-10-15,2.523148
2015-10-16,2.488426
2015-10-17,2.4652777
2015-10-18,2.5
2015-10-19,2.5810184
2015-10-20,2.511574
2015-10-21,2.511574
2015-10-22,2.5
2015-10-23,2.523148
2015-10-24,2.4537036
2015-10-25,2.5
2015-10-26,2.5578704
2015-10-27,2.5578704
2015-10-28,2.511574
2015-10-29,3.0787036
2015-10-30,3.0787036
2015-10-31,3.6574075
2015-11-01,3.6689816
2015-11-02,3.0671296
2015-11-03,3.0555556
2015-11-04,1.8981482
2015-11-05,1.9212962
2015-11-06,1.9328704
2015-11-07,0.6365741
2015-11-08,0.6365741
2015-11-09,0.6134259
2015-11-10,1.7824074
2015-11-11,1.2037038
2015-11-12,0.6365741
2015-11-13,1.2152778
2015-11-14,1.7939814
2015-11-15,3.460648
2015-11-16,3.5763888
2015-11-17,3.4837964
2015-11-18,2.2916667
2015-11-19,2.3032408
2015-11-20,2.2800925
2015-11-21,2.2916667
2015-11-22,2.2685184
2015-11-23,2.3495371
2015-11-24,2.3032408
2015-11-25,1.1921296
2015-11-26,1.2037038
2015-11-27,1.2152778
2015-11-28,2.8472223
2015-11-29,2.9861112
2015-11-30,2.9398148
2015-12-01,2.9513888
2015-12-02,3.4837964
2015-12-03,3.4722223
2015-12-04,3.460648
2015-12-05,3.8541667
2015-12-06,4.039352
2015-12-07,4.201389
2015-12-08,4.0625
2015-12-09,4.0740743
2015-12-10,2.8819444
2015-12-11,4.0625
2015-12-12,2.9513888
2015-12-13,2.9282408
2015-12-14,2.9398148
2015-12-15,2.9282408
2015-12-16,3.5069444
2015-12-17,4.0740743
2015-12-18,4.0509257
2015-12-19,4.884259
2015-12-20,5.034722
2015-12-21,5.138889
2015-12-22,3.506944
2015-12-23,2.905092
2015-12-24,2.8125
2015-12-25,2.893518
2015-12-26,2.847222
2015-12-27,2.881944
2015-12-28,2.905092
2015-12-29,2.824074
2015-12-30,4.143518
2015-12-31,4.039352
2016-01-01,3.935185
2016-01-02,4.050926
2016-01-03,3.483796
2016-01-04,3.564815
2016-01-05,3.460648
2016-01-06,3.541667
2016-01-07,4.0625
2016-01-08,3.969908
2016-01-09,3.553241
2016-01-10,3.49537
2016-01-11,3.483796
2016-01-12,3.483796
2016-01-13,3.49537
2016-01-14,3.49537
2016-01-15,2.928241
2016-01-16,2.847222
2016-01-17,2.916667
2016-01-18,2.986111
2016-01-19,2.916667
2016-01-20,3.634259
2016-01-21,4.085648
2016-01-22,4.050926
2016-01-23,4.050926
2016-01-24,4.00463
2016-01-25,4.166666
2016-01-26,2.326389
2016-01-27,2.349537
2016-01-28,2.349537
2016-01-29,1.747685
2016-01-30,1.736111
2016-01-31,1.747685
2016-02-01,1.793981
2016-02-02,1.770833
2016-02-03,1.770833
2016-02-04,1.770833
2016-02-05,1.770833
2016-02-06,2.349537
2016-02-07,2.326389
2016-02-08,2.905092
2016-02-09,3.506944
2016-02-10,3.449074
2016-02-11,3.449074
2016-02-12,3.518518
2016-02-13,3.506944
2016-02-14,3.472222
2016-02-15,3.611111
2016-02-16,2.916667
2016-02-17,2.893518
2016-02-18,2.893518
2016-02-19,2.928241
2016-02-20,2.87037
2016-02-21,2.916667
2016-02-22,2.893518
2016-02-23,2.893518
2016-02-24,2.916667
2016-02-25,2.893518
2016-02-26,2.881944
2016-02-27,2.905092
2016-02-28,2.986111
2016-02-29,2.847222
2016-03-01,2.916667
2016-03-02,3.472222
2016-03-03,3.518518
2016-03-04,1.5625
2016-03-05,3.553241
2016-03-06,4.050926
2016-03-07,4.016204
2016-03-08,4.027778
2016-03-09,3.506944
2016-03-10,2.962963
2016-03-11,2.939815
2016-03-12,2.291667
2016-03-13,2.337963
2016-03-14,2.349537
2016-03-15,2.361111
2016-03-16,2.337963
2016-03-17,2.349537
2016-03-18,2.349537
2016-03-19,2.291667
2016-03-20,2.372685
2016-03-21,1.111111
2016-03-22,2.314815
2016-03-23,0
2016-03-24,2.326389
2016-03-25,2.916667
2016-03-26,2.87037
2016-03-27,2.928241
2016-03-28,2.361111
2016-03-29,2.407408
2016-03-30,1.145833
2016-03-31,2.314815
2016-04-01,2.314815
2016-04-02,2.962963
2016-04-03,3.020833
2016-04-04,2.916667
2016-04-05,3.530092
2016-04-06,3.472222
2016-04-07,3.460648
2016-04-08,3.460648
2016-04-09,3.414352
2016-04-10,2.361111
2016-04-11,2.141204
2016-04-12,1.770833
2016-04-13,1.782407
2016-04-14,2.395833
2016-04-15,2.337963
2016-04-16,2.962963
2016-04-17,2.928241
2016-04-18,2.962963
2016-04-19,3.530092
2016-04-20,4.039352
2016-04-21,4.027778
2016-04-22,4.050926
2016-04-23,2.893518
2016-04-24,3.020833
2016-04-25,2.824074
2016-04-26,3.009259
2016-04-27,3.009259
2016-04-28,3.009259
2016-04-29,2.951389
2016-04-30,2.291667
2016-05-01,2.314815
2016-05-02,2.349537
2016-05-03,2.314815
2016-05-04,2.326389
2016-05-05,2.303241
2016-05-06,2.303241
2016-05-07,2.291667
2016-05-08,2.326389
2016-05-09,2.337963
2016-05-10,2.337963
2016-05-11,2.291667
2016-05-12,2.349537
2016-05-13,2.303241
2016-05-14,2.326389
2016-05-15,2.303241
2016-05-16,2.326389
2016-05-17,2.326389
2016-05-18,2.314815
2016-05-19,2.314815
2016-05-20,2.303241
2016-05-21,2.256944
2016-05-22,2.291667
2016-05-23,2.349537
2016-05-24,2.303241
2016-05-25,2.314815
2016-05-26,1.180556
2016-05-27,1.145833
2016-05-28,1.157407
2016-05-29,1.145833
2016-05-30,1.157407
2016-05-31,0
2016-06-01,0
2016-06-02,0
2016-06-03,0
2016-06-04,0.5671296
2016-06-05,0.5787037
2016-06-06,0.6018519
2016-06-07,0.5787037
2016-06-08,0.5787037
2016-06-09,0.5902778
2016-06-10,1.19213
2016-06-11,1.19213
2016-06-12,1.203704
2016-06-13,1.157407
2016-06-14,1.226852
2016-06-15,1.724537
2016-06-16,1.736111
2016-06-17,1.724537
2016-06-18,1.689815
2016-06-19,1.736111
2016-06-20,1.770833
2016-06-21,1.736111
2016-06-22,1.354167
2016-06-23,0.3125
2016-06-24,0
2016-06-25,0.5208333
2016-06-26,0.5902778
2016-06-27,0.5787037
2016-06-28,0.5787037
2016-06-29,1.157407
2016-06-30,1.168981
2016-07-01,1.759259
2016-07-02,1.747685
2016-07-03,1.759259
2016-07-04,2.349537
2016-07-05,0.5439815
2016-07-06,0.3703704
2016-07-07,0
2016-07-08,0
2016-07-09,0
2016-07-10,0
2016-07-11,0
2016-07-12,0
2016-07-13,0
2016-07-14,0.5787037
2016-07-15,1.736111
2016-07-16,1.736111
2016-07-17,1.747685
2016-07-18,1.770833
2016-07-19,2.326389
2016-07-20,2.326389
2016-07-21,2.326389
2016-07-22,2.337963
2016-07-23,2.303241
2016-07-24,1.168981
2016-07-25,0.2083333
2016-07-26,0
2016-07-27,0
2016-07-28,0
2016-07-29,0
2016-07-30,0
2016-07-31,0
2016-08-01,0
2016-08-02,0
2016-08-03,1.006944
2016-08-04,1.157407
2016-08-05,1.168981
2016-08-06,1.724537
2016-08-07,1.747685
2016-08-08,1.770833
2016-08-09,1.770833
2016-08-10,1.724537
2016-08-11,1.747685
2016-08-12,0.03472222
2016-08-13,2.314815
2016-08-14,2.303241
2016-08-15,2.326389
2016-08-16,2.337963
2016-08-17,2.893518
2016-08-18,5.474537
2016-08-19,3.217592
2016-08-20,2.291667
2016-08-21,7.997685
2016-08-22,3.564815
2016-08-23,2.916667
2016-08-24,1.30787
2016-08-25,1.168981
2016-08-26,1.180556
2016-08-27,1.157407
2016-08-28,1.19213
2016-08-29,1.724537
2016-08-30,1.736111
2016-08-31,1.712963
2016-09-01,1.736111
2016-09-02,1.736111
2016-09-03,1.701389
2016-09-04,1.736111
2016-09-05,1.747685
2016-09-06,1.724537
2016-09-07,1.701389
2016-09-08,1.736111
2016-09-09,2.615741
2016-09-10,0.2314815
2016-09-11,0
2016-09-12,0
2016-09-13,4.664352
2016-09-14,0.462963
2016-09-15,0
2016-09-16,0
2016-09-17,0
2016-09-18,0
2016-09-19,0
2016-09-20,0
2016-09-21,0
2016-09-22,0
2016-09-23,1.168981
2016-09-24,1.157407
2016-09-25,1.180556
2016-09-26,1.226852
2016-09-27,1.168981
2016-09-28,1.180556
2016-09-29,1.180556
2016-09-30,1.168981
2016-10-01,1.180556
2016-10-02,1.122685
2016-10-03,1.157407
2016-10-04,1.180556
2016-10-05,1.180556
2016-10-06,1.19213
2016-10-07,1.180556
2016-10-08,1.157407
2016-10-09,1.180556
2016-10-10,1.203704
2016-10-11,1.19213
2016-10-12,1.180556
2016-10-13,1.19213
2016-10-14,1.180556
2016-10-15,1.180556
2016-10-16,1.180556
2016-10-17,1.19213
2016-10-18,1.19213
2016-10-19,1.19213
2016-10-20,1.180556
2016-10-21,1.19213
2016-10-22,1.157407
2016-10-23,1.180556
2016-10-24,1.226852
2016-10-25,1.180556
2016-10-26,1.180556
2016-10-27,1.168981
2016-10-28,1.180556
2016-10-29,1.168981
2016-10-30,1.180556
2016-10-31,1.19213
2016-11-01,1.180556
2016-11-02,1.180556
2016-11-03,1.19213
2016-11-04,1.19213
2016-11-05,1.168981
2016-11-06,1.180556
2016-11-07,1.203704
2016-11-08,1.19213
2016-11-09,1.145833
2016-11-10,1.226852
2016-11-11,2.071759
2016-11-12,2.326389
2016-11-13,2.303241
2016-11-14,2.337963
2016-11-15,2.337963
2016-11-16,1.354167
2016-11-17,1.180556
2016-11-18,0.6828704
2016-11-19,0.5787037
2016-11-20,0.5671296
2016-11-21,0.5902778
2016-11-22,0.5787037
2016-11-23,2.152778
2016-11-24,2.303241
2016-11-25,2.268518
2016-11-26,2.731482
2016-11-27,2.881944
2016-11-28,2.962963
2016-11-29,2.893518
2016-11-30,2.87037
2016-12-01,2.916667
2016-12-02,2.893518
2016-12-03,2.835648
2016-12-04,2.87037
2016-12-05,2.905092
2016-12-06,2.87037
2016-12-07,2.395833
2016-12-08,2.314815
2016-12-09,2.314815
2016-12-10,2.280092
2016-12-11,2.326389
2016-12-12,2.303241
2016-12-13,2.314815
2016-12-14,2.303241
2016-12-15,2.291667
2016-12-16,2.291667
2016-12-17,2.303241
2016-12-18,2.303241
2016-12-19,2.303241
2016-12-20,2.280092
2016-12-21,2.835648
2016-12-22,2.893518
2016-12-23,2.847222
2016-12-24,4.016204
2016-12-25,4.050926
2016-12-26,4.039352
2016-12-27,4.039352
2016-12-28,4.155093
2016-12-29,3.472222
2016-12-30,2.337963
2016-12-31,2.314815
2017-01-01,2.349537
2017-01-02,2.349537
2017-01-03,2.395833
2017-01-04,2.337963
2017-01-05,2.337963
2017-01-06,2.337963
2017-01-07,2.291667
2017-01-08,2.349537
2017-01-09,2.361111
2017-01-10,2.337963
2017-01-11,2.268518
2017-01-12,2.384259
2017-01-13,2.337963
2017-01-14,2.303241
2017-01-15,2.314815
2017-01-16,2.349537
2017-01-17,2.337963
2017-01-18,2.384259
2017-01-19,2.349537
2017-01-20,2.326389
2017-01-21,2.303241
2017-01-22,2.280092
2017-01-23,2.291667
2017-01-24,2.291667
2017-01-25,2.361111
2017-01-26,2.314815
2017-01-27,2.291667
2017-01-28,2.256944
2017-01-29,2.256944
2017-01-30,2.349537
2017-01-31,2.256944
2017-02-01,2.256944
2017-02-02,1.828704
2017-02-03,1.782407
2017-02-04,1.759259
2017-02-05,1.759259
2017-02-06,1.747685
2017-02-07,1.770833
2017-02-08,1.747685
2017-02-09,2.349537
2017-02-10,2.337963
2017-02-11,2.326389
2017-02-12,2.303241
2017-02-13,2.372685
2017-02-14,2.314815
2017-02-15,2.337963
2017-02-16,2.326389
2017-02-17,2.314815
2017-02-18,2.280092
2017-02-19,2.303241
2017-02-20,2.337963
2017-02-21,2.303241
2017-02-22,2.291667
2017-02-23,2.303241
2017-02-24,2.256944
2017-02-25,2.280092
2017-02-26,2.268518
2017-02-27,2.314815
2017-02-28,2.280092
2017-03-01,3.472222
2017-03-02,3.49537
2017-03-03,3.483796
2017-03-04,2.951389
2017-03-05,2.928241
2017-03-06,2.905092
2017-03-07,2.881944
2017-03-08,2.893518
2017-03-09,2.847222
2017-03-10,2.893518
2017-03-11,2.835648
2017-03-12,2.87037
2017-03-13,2.87037
2017-03-14,2.881944
2017-03-15,2.835648
2017-03-16,2.87037
2017-03-17,2.824074
2017-03-18,2.847222
2017-03-19,2.8125
2017-03-20,2.847222
2017-03-21,2.337963
2017-03-22,2.349537
2017-03-23,2.303241
2017-03-24,2.268518
2017-03-25,2.337963
2017-03-26,2.291667
2017-03-27,2.337963
2017-03-28,2.314815
2017-03-29,2.303241
2017-03-30,2.24537
2017-03-31,2.349537
2017-04-01,2.314815
2017-04-02,2.407408
2017-04-03,2.326389
2017-04-04,2.303241
2017-04-05,1.805556
2017-04-06,2.094908
2017-04-07,2.1875
2017-04-08,2.314815
2017-04-09,2.384259
2017-04-10,2.337963
2017-04-11,2.361111
2017-04-12,2.337963
2017-04-13,2.268518
2017-04-14,2.372685
2017-04-15,2.326389
2017-04-16,2.326389
2017-04-17,2.326389
2017-04-18,2.337963
2017-04-19,2.314815
2017-04-20,2.326389
2017-04-21,2.303241
2017-04-22,2.303241
2017-04-23,2.268518
2017-04-24,2.291667
2017-04-25,2.291667
2017-04-26,1.782407
2017-04-27,1.134259
2017-04-28,1.145833
2017-04-29,1.134259
2017-04-30,1.134259
2017-05-01,1.134259
2017-05-02,1.134259
2017-05-03,0.01064815
2017-05-04,0
2017-05-05,1.180556
2017-05-06,1.157407
2017-05-07,1.180556
2017-05-08,1.157407
2017-05-09,1.759259
2017-05-10,1.900116
2017-05-11,2.407408
2017-05-12,2.395833
2017-05-13,2.384259
2017-05-14,2.384259
2017-05-15,2.395833
2017-05-16,2.349537
2017-05-17,2.118056
2017-05-18,2.314815
2017-05-19,2.303241
2017-05-20,2.337963
2017-05-21,2.280092
2017-05-22,2.384259
2017-05-23,0.2199074
2017-05-24,0
2017-05-25,0
2017-05-26,0
2017-05-27,2.256944
2017-05-28,2.268518
2017-05-29,2.303241
2017-05-30,2.291667
2017-05-31,1.747685
2017-06-01,1.261574
2017-06-02,1.168981
2017-06-03,1.168981
2017-06-04,1.168981
2017-06-05,1.19213
2017-06-06,1.712963
2017-06-07,1.747685
2017-06-08,1.747685
2017-06-09,1.724537
2017-06-10,1.724537
2017-06-11,1.747685
2017-06-12,1.712963
2017-06-13,1.736111
2017-06-14,1.712963
2017-06-15,1.712963
2017-06-16,1.712963
2017-06-17,1.678241
2017-06-18,1.701389
2017-06-19,1.736111
2017-06-20,1.689815
2017-06-21,1.701389
2017-06-22,1.689815
2017-06-23,1.689815
2017-06-24,1.666667
2017-06-25,1.689815
2017-06-26,1.724537
2017-06-27,1.689815
2017-06-28,1.701389
2017-06-29,1.701389
2017-06-30,1.701389
2017-07-01,1.666667
2017-07-02,1.689815
2017-07-03,1.724537
2017-07-04,1.689815
2017-07-05,1.689815
2017-07-06,1.701389
2017-07-07,1.736111
2017-07-08,1.747685
2017-07-09,1.747685
2017-07-10,1.770833
2017-07-11,1.747685
2017-07-12,1.747685
2017-07-13,1.782407
2017-07-14,1.747685
2017-07-15,1.747685
2017-07-16,1.747685
2017-07-17,1.782407
2017-07-18,1.180556
2017-07-19,0.5304399
2017-07-20,0.5787037
2017-07-21,0.6018519
2017-07-22,1.145833
2017-07-23,1.157407
2017-07-24,1.168981
2017-07-25,1.168981
2017-07-26,1.180556
2017-07-27,1.145833
2017-07-28,1.168981
2017-07-29,1.157407
2017-07-30,1.180556
2017-07-31,1.157407
2017-08-01,1.203704
2017-08-02,1.180556
2017-08-03,1.180556
2017-08-04,0.5787037
2017-08-05,0.5787037
2017-08-06,0
2017-08-07,0
2017-08-08,0.01203704
2017-08-09,0.07233796
2017-08-10,3.483796
2017-08-11,3.483796
2017-08-12,3.49537
2017-08-13,3.460648
2017-08-14,3.49537
2017-08-15,1.93287
2017-08-16,1.639699
2017-08-17,0
2017-08-18,0
2017-08-19,0
2017-08-20,0
2017-08-21,0
2017-08-22,0
2017-08-23,0
2017-08-24,0
2017-08-25,0
2017-08-26,4.050926
2017-08-27,4.108796
2017-08-28,2.893518
2017-08-29,2.951389
2017-08-30,2.314815
2017-08-31,2.349537
2017-09-01,2.349537
2017-09-02,2.314815
2017-09-03,2.326389
2017-09-04,0
2017-09-05,0
2017-09-06,0
2017-09-07,0
2017-09-08,0
2017-09-09,0
2017-09-10,2.025463
2017-09-11,4.050926
2017-09-12,4.049537
2017-09-13,4.074074
2017-09-14,2.893518
2017-09-15,2.916667
2017-09-16,2.824074
2017-09-17,2.916667
2017-09-18,2.361111
2017-09-19,2.326389
2017-09-20,2.302778
2017-09-21,1.747685
2017-09-22,1.724537
2017-09-23,1.701389
2017-09-24,1.724537
2017-09-25,1.168981
2017-09-26,1.168981
2017-09-27,1.168981
2017-09-28,1.168981
2017-09-29,1.157407
2017-09-30,1.157407
2017-10-01,1.122685
2017-10-02,1.157407
2017-10-03,1.157407
2017-10-04,1.168981
2017-10-05,1.168981
2017-10-06,1.157407
2017-10-07,1.157407
2017-10-08,1.157407
2017-10-09,1.747685
2017-10-10,1.168981
2017-10-11,1.168981
2017-10-12,1.157407
2017-10-13,1.157407
2017-10-14,1.157407
2017-10-15,1.168981
2017-10-16,1.168981
2017-10-17,1.157407
2017-10-18,1.157407
2017-10-19,1.168981
2017-10-20,1.157407
2017-10-21,1.145833
2017-10-22,1.157407
2017-10-23,1.180556
2017-10-24,1.145833
2017-10-25,1.168981
2017-10-26,1.157407
2017-10-27,1.157407
2017-10-28,1.157407
2017-10-29,1.168981
2017-10-30,1.157407
2017-10-31,1.157407
2017-11-01,1.157407
2017-11-02,1.145833
2017-11-03,1.145833
2017-11-04,1.134259
2017-11-05,1.157407
2017-11-06,1.180556
2017-11-07,1.747685
2017-11-08,1.736111
2017-11-09,1.759259
2017-11-10,2.326389
2017-11-11,2.881944
2017-11-12,2.893518
2017-11-13,2.893518
2017-11-14,2.905092
2017-11-15,2.881944
2017-11-16,2.303241
2017-11-17,2.326389
2017-11-18,1.157407
2017-11-19,1.157407
2017-11-20,1.157407
2017-11-21,1.145833
2017-11-22,2.314815
2017-11-23,2.858796
2017-11-24,2.836111
2017-11-25,2.407408
2017-11-26,2.349537
2017-11-27,2.349537
2017-11-28,2.349537
2017-11-29,2.349537
2017-11-30,2.337963
2017-12-01,1.747685
2017-12-02,1.724537
2017-12-03,1.759259
2017-12-04,1.782407
2017-12-05,1.770833
2017-12-06,1.736111
2017-12-07,1.793981
2017-12-08,1.759259
2017-12-09,1.747685
2017-12-10,1.736111
2017-12-11,1.770833
2017-12-12,2.338195
2017-12-13,2.893518
2017-12-14,2.881944
2017-12-15,2.8125
2017-12-16,2.974537
2017-12-17,2.835648
2017-12-18,2.928241
2017-12-19,2.858796
2017-12-20,2.349537
2017-12-21,2.326389
2017-12-22,2.303241
2017-12-23,2.303241
2017-12-24,2.303241
2017-12-25,2.337963
2017-12-26,2.349537
2017-12-27,2.361111
2017-12-28,2.337963
2017-12-29,2.326389
2017-12-30,2.326389
2017-12-31,2.361111
2018-01-01,2.303241
2018-01-02,2.395833
2018-01-03,2.349537
2018-01-04,2.337963
2018-01-05,2.349421
2018-01-06,4.606482
2018-01-07,4.606482
2018-01-08,2.349537
2018-01-09,2.314815
2018-01-10,2.314815
2018-01-11,2.314815
2018-01-12,2.291667
2018-01-13,2.291667
2018-01-14,2.314815
2018-01-15,2.326389
2018-01-16,2.322107
2018-01-17,2.910995
2018-01-18,3.449074
2018-01-19,3.472222
2018-01-20,3.472222
2018-01-21,3.449074
2018-01-22,3.49537
2018-01-23,3.37963
2018-01-24,2.893518
2018-01-25,2.905092
2018-01-26,2.858796
2018-01-27,2.905092
2018-01-28,5.226852
2018-01-29,2.905092
2018-01-30,2.372685
2018-01-31,2.337963
2018-02-01,2.326389
2018-02-02,2.314815
2018-02-03,2.280092
2018-02-04,2.337963
2018-02-05,2.337963
2018-02-06,2.893518
2018-02-07,3.449074
2018-02-08,3.4375
2018-02-09,3.449074
2018-02-10,3.449074
2018-02-11,3.4375
2018-02-12,3.449074
2018-02-13,3.37963
2018-02-14,3.506944
2018-02-15,2.314815
2018-02-16,2.280092
2018-02-17,2.858796
2018-02-18,2.858796
2018-02-19,3.472222
2018-02-20,3.460648
2018-02-21,3.460648
2018-02-22,3.414352
2018-02-23,3.402778
2018-02-24,3.414352
2018-02-25,3.472222
2018-02-26,3.541667
2018-02-27,2.314815
2018-02-28,2.314815
2018-03-01,1.93287
2018-03-02,2.338195
2018-03-03,2.881944
2018-03-04,2.847222
2018-03-05,2.881944
2018-03-06,3.472222
2018-03-07,3.460648
2018-03-08,3.449074
2018-03-09,4.074074
2018-03-10,4.027778
2018-03-11,4.050926
2018-03-12,4.00463
2018-03-13,4.074074
2018-03-14,3.981482
2018-03-15,4.050926
2018-03-16,3.993056
2018-03-17,3.958333
2018-03-18,3.981482
2018-03-19,4.00463
2018-03-20,2.951389
2018-03-21,2.928241
2018-03-22,2.928241
2018-03-23,2.939815
2018-03-24,2.916667
2018-03-25,2.905092
2018-03-26,3.472222
2018-03-27,3.49537
2018-03-28,3.553241
2018-03-29,3.494213
2018-03-30,2.847222
2018-03-31,2.881944
2018-04-01,2.974537
2018-04-02,2.858796
2018-04-03,2.858796
2018-04-04,2.847222
2018-04-05,2.835648
2018-04-06,3.460648
2018-04-07,3.449074
2018-04-08,3.414352
2018-04-09,3.506944
2018-04-10,4.050926
2018-04-11,2.916667
2018-04-12,2.893518
2018-04-13,2.916667
2018-04-14,2.881944
2018-04-15,2.87037
2018-04-16,2.916667
2018-04-17,2.928241
2018-04-18,2.905092
2018-04-19,2.87037
2018-04-20,2.893518
2018-04-21,2.87037
2018-04-22,2.881944
2018-04-23,2.881944
2018-04-24,2.835648
2018-04-25,2.87037
2018-04-26,2.87037
2018-04-27,2.840972
2018-04-28,2.546296
2018-04-29,2.546296
2018-04-30,2.569444
2018-05-01,2.546296
2018-05-02,2.523148
2018-05-03,2.534722
2018-05-04,2.539699
2018-05-05,1.886574
2018-05-06,1.898148
2018-05-07,1.921296
2018-05-08,1.909722
2018-05-09,1.898148
2018-05-10,1.909722
2018-05-11,1.898148
2018-05-12,2.476852
2018-05-13,2.465278
2018-05-14,2.5
2018-05-15,2.465278
2018-05-16,2.465278
2018-05-17,2.476852
2018-05-18,2.453704
2018-05-19,2.418982
2018-05-20,2.430556
2018-05-21,2.430556
2018-05-22,2.430556
2018-05-23,2.418982
2018-05-24,2.395833
2018-05-25,2.488426
2018-05-26,2.453704
2018-05-27,2.465278
2018-05-28,2.465278
2018-05-29,2.465278
2018-05-30,2.44213
2018-05-31,2.453704
2018-06-01,2.430556
2018-06-02,2.407408
2018-06-03,2.430556
2018-06-04,2.44213
2018-06-05,3.06713
2018-06-06,3.043982
2018-06-07,3.032408
2018-06-08,2.5
2018-06-09,2.418982
2018-06-10,2.476852
2018-06-11,2.465278
2018-06-12,2.488426
2018-06-13,2.44213
2018-06-14,2.453704
2018-06-15,2.453704
2018-06-16,2.476852
2018-06-17,2.453704
2018-06-18,2.453704
2018-06-19,2.534722
2018-06-20,2.453704
2018-06-21,2.453704
2018-06-22,2.453704
2018-06-23,2.44213
2018-06-24,2.453704
2018-06-25,2.430556
2018-06-26,2.418982
2018-06-27,2.407408
2018-06-28,2.407408
2018-06-29,2.407408
2018-06-30,2.407408
2018-07-01,2.407408
2018-07-02,2.407408
2018-07-03,2.384259
2018-07-04,2.361111
2018-07-05,2.372685
2018-07-06,3.043982
2018-07-07,3.055556
2018-07-08,3.078704
2018-07-09,3.101852
2018-07-10,2.476852
2018-07-11,2.476852
2018-07-12,2.453704
2018-07-13,2.465278
2018-07-14,2.44213
2018-07-15,2.465278
2018-07-16,2.476852
2018-07-17,2.488426
2018-07-18,2.488426
2018-07-19,2.476852
2018-07-20,2.511574
2018-07-21,2.523148
2018-07-22,2.476852
2018-07-23,2.5
2018-07-24,2.5
