Date,Pptn,Temp,Wind_speed,PET,Q,TP_catch,chl-a_lake,TP_lake,colour_lake,Rain_day,Pptn_intense,Wind_under_Q0.2,Wind_under_Q0.4,Wind_over_Q0.6,Wind_over_Q0.8,Season,Pptn_lag1,Temp_lag1,Wind_speed_lag1,PET_lag1,Q_lag1,TP_catch_lag1,chl-a_lake_lag1,TP_lake_lag1,colour_lake_lag1,Rain_day_lag1,Pptn_intense_lag1,Wind_under_Q0.2_lag1,Wind_under_Q0.4_lag1,Wind_over_Q0.6_lag1,Wind_over_Q0.8_lag1,Temp_subzero_lag1,Pptn_winterSum,Rain_day_winterSum,Pptn_intense_winterSum,PET_winterSum,Q_winterSum,Temp_subzero_winterSum,Wind_under_Q0.2_winterSum,Wind_under_Q0.4_winterSum,Wind_over_Q0.6_winterSum,Wind_over_Q0.8_winterSum,TP_lake_prevSummer,colour_lake_prevSummer,chl-a_lake_prevSummer
1980-04-30,80.99274116000001,-2.933490758633335,3.0422222222222204,38.550908496,28217375.999999996,130.0,3.9714285714285715,45.25,,45,2,26.0,37.0,27.0,9.0,spr,22.434315184,-8.091380605935482,2.319354838709677,0.0,6095174.399999999,,,,,19.0,1.0,14.0,17.0,6.0,2.0,31.0,103.42705634400001,64,3,38.550908496,34312550.4,90.0,40.0,54.0,33.0,11.0,,,
1980-07-31,242.199218085,14.449402909543476,3.10108695652174,341.7917013519999,30799439.99999999,68.33333333333333,12.169126984126985,36.08412698412698,,63,11,17.0,43.0,27.0,7.0,summ,80.99274116000001,-2.933490758633335,3.0422222222222204,38.550908496,28217375.999999996,130.0,3.9714285714285715,45.25,,45.0,2.0,26.0,37.0,27.0,9.0,59.0,103.42705634400001,64,3,38.550908496,34312550.4,90.0,40.0,54.0,33.0,11.0,,,
1980-10-31,351.676638885,9.575228774456523,3.5478260869565217,185.50028500499997,56804025.60000001,113.5,20.773333333333333,51.06190476190477,,81,14,17.0,38.0,33.0,20.0,aut,242.199218085,14.449402909543476,3.10108695652174,341.7917013519999,30799439.99999999,68.33333333333333,12.169126984126985,36.08412698412698,,63.0,11.0,17.0,43.0,27.0,7.0,0.0,103.42705634400001,64,3,38.550908496,34312550.4,90.0,40.0,54.0,33.0,11.0,,,
1981-07-31,282.257779432,13.2132639798913,3.8369565217391317,320.17431605800004,37862639.999999985,,7.075,23.583333333333336,,69,11,7.0,28.0,43.0,22.0,summ,105.45732291500002,-1.5746814358202257,3.1584269662921365,36.351370003999996,30824409.599999998,,,,,44.0,5.0,21.0,34.0,28.0,13.0,49.0,243.89757703200007,102,10,38.634387514,69390950.39999999,116.0,40.0,67.0,71.0,38.0,43.573015873015876,,16.471230158730158
1981-10-31,216.851553917,9.937925681228256,3.1228260869565205,193.77327351499997,23744102.400000002,,9.5875,34.08333333333333,,72,11,23.0,41.0,29.0,13.0,aut,282.257779432,13.2132639798913,3.8369565217391317,320.17431605800004,37862639.999999985,,7.075,23.583333333333336,,69.0,11.0,7.0,28.0,43.0,22.0,0.0,243.89757703200007,102,10,38.634387514,69390950.39999999,116.0,40.0,67.0,71.0,38.0,43.573015873015876,,16.471230158730158
1982-04-30,175.81093839900007,0.6424420575056179,3.520224719101123,44.48397673900001,67233715.2,69.0,1.1,46.25,,49,5,17.0,37.0,36.0,22.0,spr,194.13943248999996,-6.827830042684783,3.2521739130434777,6.135563598,29320185.600000005,,,,,56.0,9.0,30.0,44.0,36.0,20.0,73.0,369.95037088900006,105,14,50.61954033700001,96553900.80000001,106.0,47.0,81.0,72.0,42.0,28.833333333333332,,8.33125
1982-07-31,151.00623331399999,13.452291391815216,3.691304347826089,318.22885101900005,18691343.999999993,45.5,5.466666666666666,37.77777777777778,,47,7,9.0,25.0,41.0,15.0,summ,175.81093839900007,0.6424420575056179,3.520224719101123,44.48397673900001,67233715.2,69.0,1.1,46.25,,49.0,5.0,17.0,37.0,36.0,22.0,33.0,369.95037088900006,105,14,50.61954033700001,96553900.80000001,106.0,47.0,81.0,72.0,42.0,28.833333333333332,,8.33125
1982-10-31,297.66815889500003,10.870945072184783,3.8902173913043483,204.064937724,20262268.799999997,,6.229166666666665,18.895833333333332,26.666666666666668,77,16,11.0,28.0,47.0,27.0,aut,151.00623331399999,13.452291391815216,3.691304347826089,318.22885101900005,18691343.999999993,45.5,5.466666666666666,37.77777777777778,,47.0,7.0,9.0,25.0,41.0,15.0,0.0,369.95037088900006,105,14,50.61954033700001,96553900.80000001,106.0,47.0,81.0,72.0,42.0,28.833333333333332,,8.33125
1983-04-30,122.882006633,-0.047116171258425606,3.3483146067415723,46.470707704999995,37266911.99999999,,1.9,38.0,34.0,47,3,20.0,36.0,37.0,11.0,spr,364.473652725,0.665293628347826,4.104347826086957,15.690835607000004,86804870.4,,,,,74.0,15.0,23.0,36.0,49.0,37.0,34.0,487.355659358,121,18,62.161543312,124071782.4,71.0,43.0,72.0,86.0,48.0,28.336805555555557,26.666666666666668,5.8479166666666655
1983-07-31,182.72881749700005,13.517997996869571,4.07826086956522,320.75986065600006,20778336.0,,5.98,31.96,19.4,63,7,5.0,23.0,51.0,24.0,summ,122.882006633,-0.047116171258425606,3.3483146067415723,46.470707704999995,37266911.99999999,,1.9,38.0,34.0,47.0,3.0,20.0,36.0,37.0,11.0,37.0,487.355659358,121,18,62.161543312,124071782.4,71.0,43.0,72.0,86.0,48.0,28.336805555555557,26.666666666666668,5.8479166666666655
1983-10-31,275.60668996699985,10.877161553793483,4.4402173913043494,202.27189551200004,27490838.400000002,,6.166666666666667,26.149999999999995,14.666666666666666,57,13,8.0,25.0,51.0,31.0,aut,182.72881749700005,13.517997996869571,4.07826086956522,320.75986065600006,20778336.0,,5.98,31.96,19.4,63.0,7.0,5.0,23.0,51.0,24.0,0.0,487.355659358,121,18,62.161543312,124071782.4,71.0,43.0,72.0,86.0,48.0,28.336805555555557,26.666666666666668,5.8479166666666655
1984-07-31,255.82062942299987,13.845605221239135,4.044565217391306,329.06701986600007,14499561.6,128.10000000000002,10.23,27.360000000000003,,57,12,4.0,17.0,51.0,21.0,summ,74.09328523699999,-0.587582842911111,3.7188888888888894,40.967914089000004,39079065.59999999,97.35714285714286,,26.25,28.0,55.0,2.0,20.0,36.0,43.0,24.0,53.0,246.750190433,121,5,47.655810149000004,73802188.79999998,107.0,36.0,65.0,94.0,58.0,29.055,17.03333333333333,6.073333333333334
1984-10-31,317.230629423,10.635043035782612,3.578260869565218,195.538038869,36484128.0,147.22857142857143,11.95,25.695,,68,13,5.0,35.0,31.0,15.0,aut,255.82062942299987,13.845605221239135,4.044565217391306,329.06701986600007,14499561.6,128.10000000000002,10.23,27.360000000000003,,57.0,12.0,4.0,17.0,51.0,21.0,0.0,246.750190433,121,5,47.655810149000004,73802188.79999998,107.0,36.0,65.0,94.0,58.0,29.055,17.03333333333333,6.073333333333334
1985-07-31,236.49391209300006,13.03916138994565,3.493478260869566,323.03901306800003,41647478.40000001,57.544444444444444,9.97777777777778,36.6,34.11111111111111,66,8,9.0,33.0,38.0,15.0,summ,175.57119917400001,-3.7531918256179777,2.9359550561797754,25.969603991,40904265.60000001,170.1888888888889,,,,64.0,4.0,29.0,47.0,26.0,13.0,58.0,392.185089832,138,15,41.314577653,107977795.20000002,111.0,50.0,83.0,65.0,33.0,26.527500000000003,,11.09
1985-10-31,325.8028463649999,9.159237285695653,3.772826086956521,183.5439226579999,52551071.99999999,152.14666666666668,13.333333333333332,26.725,34.625,84,14,20.0,39.0,40.0,28.0,aut,236.49391209300006,13.03916138994565,3.493478260869566,323.03901306800003,41647478.40000001,57.544444444444444,9.97777777777778,36.6,34.11111111111111,66.0,8.0,9.0,33.0,38.0,15.0,0.0,392.185089832,138,15,41.314577653,107977795.20000002,111.0,50.0,83.0,65.0,33.0,26.527500000000003,,11.09
1986-07-31,163.43724397199998,13.49947344940217,4.641304347826088,331.101941137,,68.98333333333333,10.911111111111111,33.333333333333336,31.444444444444446,52,7,5.0,11.0,66.0,36.0,summ,124.00984003900001,-2.906592873494384,3.894382022471909,25.487633305,,245.37272727272727,,,,48.0,4.0,16.0,30.0,40.0,26.0,58.0,348.342450257,123,14,29.506436545,27737337.599999994,134.0,53.0,78.0,74.0,46.0,31.6625,34.36805555555556,11.655555555555555
1986-10-31,260.52630725899996,8.234217844891301,3.633695652173912,171.551400919,,134.2,14.444444444444443,34.24444444444445,23.5,77,12,11.0,36.0,35.0,20.0,aut,163.43724397199998,13.49947344940217,4.641304347826088,331.101941137,,68.98333333333333,10.911111111111111,33.333333333333336,31.444444444444446,52.0,7.0,5.0,11.0,66.0,36.0,0.0,348.342450257,123,14,29.506436545,27737337.599999994,134.0,53.0,78.0,74.0,46.0,31.6625,34.36805555555556,11.655555555555555
1987-07-31,251.6964492850001,11.593673148445653,3.46304347826087,300.9537944369997,,77.7103448275862,6.266666666666667,24.46666666666667,27.88888888888889,65,8,8.0,33.0,35.0,12.0,summ,159.49626074000003,-3.014689782955056,2.6022471910112377,40.43242064600001,,68.575,,,,45.0,6.0,29.0,56.0,15.0,5.0,55.0,384.6747121540001,114,17,58.27880830100001,,109.0,50.0,83.0,68.0,42.0,33.78888888888889,27.47222222222222,12.677777777777777
1987-10-31,451.1648577099998,9.05069452652174,3.4695652173913056,185.28924179599997,,161.64545454545456,10.755555555555555,22.399999999999995,30.166666666666668,85,19,18.0,35.0,38.0,13.0,aut,251.6964492850001,11.593673148445653,3.46304347826087,300.9537944369997,,77.7103448275862,6.266666666666667,24.46666666666667,27.88888888888889,65.0,8.0,8.0,33.0,35.0,12.0,0.0,384.6747121540001,114,17,58.27880830100001,,109.0,50.0,83.0,68.0,42.0,33.78888888888889,27.47222222222222,12.677777777777777
1988-07-31,300.1217657060001,14.33465383294565,3.540217391304349,335.303126663,,44.4111111111111,12.855555555555556,31.2,27.777777777777775,62,15,7.0,30.0,37.0,14.0,summ,256.72122465599995,-0.9177041111111118,3.676666666666667,27.527391566999995,,56.975,,,,68.0,11.0,14.0,31.0,43.0,19.0,48.0,552.504743134,150,22,35.29414770299999,,98.0,51.0,82.0,71.0,34.0,23.43333333333333,29.02777777777778,8.511111111111111
1988-10-31,359.9826502690001,9.694650756086952,3.3999999999999995,187.387840455,,54.04090909090908,15.255555555555555,27.866666666666664,36.77777777777778,71,15,20.0,38.0,34.0,21.0,aut,300.1217657060001,14.33465383294565,3.540217391304349,335.303126663,,44.4111111111111,12.855555555555556,31.2,27.777777777777775,62.0,15.0,7.0,30.0,37.0,14.0,0.0,552.504743134,150,22,35.29414770299999,,98.0,51.0,82.0,71.0,34.0,23.43333333333333,29.02777777777778,8.511111111111111
1989-07-31,184.135274939,13.236733817184783,4.216304347826087,317.807594187,,35.57142857142857,9.05,27.599999999999998,24.75,43,9,1.0,15.0,52.0,26.0,summ,256.249386817,2.999121279056181,3.924719101123597,67.32037066600002,,79.15499999999999,,,,68.0,13.0,9.0,23.0,47.0,21.0,9.0,342.13562439200007,134,15,81.45088788300001,,56.0,36.0,64.0,81.0,42.0,29.53333333333333,32.27777777777778,14.055555555555555
1989-10-31,212.76265266899992,9.659623756141304,3.3032608695652157,184.73245673999992,,57.028571428571425,21.233333333333334,26.333333333333332,22.666666666666668,75,6,21.0,43.0,36.0,18.0,aut,184.135274939,13.236733817184783,4.216304347826087,317.807594187,,35.57142857142857,9.05,27.599999999999998,24.75,43.0,9.0,1.0,15.0,52.0,26.0,0.0,342.13562439200007,134,15,81.45088788300001,,56.0,36.0,64.0,81.0,42.0,29.53333333333333,32.27777777777778,14.055555555555555
1990-07-31,170.05171463600007,13.590783457793476,3.803260869565217,323.97182534800004,,47.84285714285714,9.649999999999999,28.900000000000002,21.75,59,6,4.0,18.0,45.0,14.0,summ,224.22050718500006,4.277141733719101,4.994382022471912,84.439106507,,136.01333333333335,,,,60.0,8.0,7.0,12.0,69.0,44.0,7.0,502.1663112529999,129,18,100.853823962,,49.0,45.0,67.0,101.0,60.0,26.966666666666665,23.708333333333336,15.141666666666667
1990-10-31,225.279694272,9.739488104260872,3.5695652173913035,184.7706029059999,,87.81666666666666,15.700000000000001,28.899999999999995,17.333333333333332,74,11,16.0,33.0,39.0,18.0,aut,170.05171463600007,13.590783457793476,3.803260869565217,323.97182534800004,,47.84285714285714,9.649999999999999,28.900000000000002,21.75,59.0,6.0,4.0,18.0,45.0,14.0,0.0,502.1663112529999,129,18,100.853823962,,49.0,45.0,67.0,101.0,60.0,26.966666666666665,23.708333333333336,15.141666666666667
1991-07-31,182.15018411200003,12.638071926673918,4.031521739130435,303.99745373,,36.128571428571426,8.575,25.974999999999998,21.75,57,5,11.0,28.0,44.0,32.0,summ,112.58863632500002,0.30750158170786446,3.6662921348314614,49.73415783699999,,106.93571428571428,,,,66.0,5.0,12.0,34.0,43.0,20.0,31.0,340.615487895,137,16,53.15683791699999,,94.0,53.0,87.0,69.0,31.0,28.9,19.541666666666664,12.675
1991-10-31,233.719178675,10.486401117184782,3.3380434782608686,201.87402087499999,,29.95,10.275,28.474999999999998,19.5,73,11,19.0,41.0,34.0,17.0,aut,182.15018411200003,12.638071926673918,4.031521739130435,303.99745373,,36.128571428571426,8.575,25.974999999999998,21.75,57.0,5.0,11.0,28.0,44.0,32.0,0.0,340.615487895,137,16,53.15683791699999,,94.0,53.0,87.0,69.0,31.0,28.9,19.541666666666664,12.675
1992-07-31,132.57916957199998,14.998212287923915,4.02608695652174,351.94614318300006,,32.36,13.7,32.45,25.25,47,5,4.0,18.0,53.0,24.0,summ,175.64005505900002,1.625345938822222,3.9422222222222243,48.57623369199999,,143.54545454545453,,,,74.0,8.0,13.0,23.0,42.0,22.0,23.0,380.37597779500015,141,18,64.300907062,,59.0,39.0,62.0,79.0,46.0,27.224999999999998,20.625,9.425
1992-10-31,247.07326167000002,8.533317835750005,3.3934782608695646,171.60052762400002,,59.63684210526316,20.833333333333332,29.86666666666667,16.0,80,10,24.0,37.0,35.0,18.0,aut,132.57916957199998,14.998212287923915,4.02608695652174,351.94614318300006,,32.36,13.7,32.45,25.25,47.0,5.0,4.0,18.0,53.0,24.0,0.0,380.37597779500015,141,18,64.300907062,,59.0,39.0,62.0,79.0,46.0,27.224999999999998,20.625,9.425
1993-07-31,217.24269529100005,12.962599144793483,3.697826086956523,324.164458365,,38.04545454545454,9.350000000000001,25.075,23.0,55,8,2.0,24.0,45.0,11.0,summ,78.836008859,1.1566915795617974,3.498876404494381,51.38145863100001,,173.54,,,,44.0,4.0,19.0,37.0,35.0,18.0,34.0,389.0718605859999,119,21,57.852240647,,74.0,47.0,74.0,80.0,52.0,31.15833333333334,20.625,17.266666666666666
1993-10-31,272.94875109,7.744684654260867,3.1749999999999976,166.8008736619999,701222.4,46.51,16.966666666666665,30.266666666666666,26.333333333333332,75,11,23.0,44.0,33.0,13.0,aut,217.24269529100005,12.962599144793483,3.697826086956523,324.164458365,,38.04545454545454,9.350000000000001,25.075,23.0,55.0,8.0,2.0,24.0,45.0,11.0,0.0,389.0718605859999,119,21,57.852240647,,74.0,47.0,74.0,80.0,52.0,31.15833333333334,20.625,17.266666666666666
1994-07-31,61.71793527200001,14.03948675552174,4.016304347826086,330.1138755150001,4863455.999999999,28.857142857142858,11.649999999999999,28.675,31.25,41,2,2.0,17.0,53.0,18.0,summ,166.320291902,-1.5256884133595512,3.8123595505617986,44.42000887500001,61439731.2,100.5,,,,63.0,9.0,16.0,30.0,43.0,26.0,41.0,453.542505434,143,23,47.20428956500001,83494713.6,105.0,39.0,73.0,80.0,49.0,27.670833333333334,24.666666666666664,13.158333333333333
1994-10-31,333.2526542420001,9.62521552577174,3.276086956521739,188.7014275959999,27472176.000000004,72.72727272727273,27.066666666666666,32.800000000000004,23.0,71,14,17.0,39.0,31.0,16.0,aut,61.71793527200001,14.03948675552174,4.016304347826086,330.1138755150001,4863455.999999999,28.857142857142858,11.649999999999999,28.675,31.25,41.0,2.0,2.0,17.0,53.0,18.0,0.0,453.542505434,143,23,47.20428956500001,83494713.6,105.0,39.0,73.0,80.0,49.0,27.670833333333334,24.666666666666664,13.158333333333333
1995-07-31,210.53463110900003,13.037037544152176,3.608695652173913,312.63684874999996,27334972.800000004,84.74444444444445,20.566666666666666,26.099999999999998,28.333333333333332,72,8,10.0,27.0,42.0,16.0,summ,211.71560748299999,1.1020691023258424,3.948314606741574,37.936738342,74973081.60000001,144.31428571428572,,,,83.0,7.0,12.0,23.0,45.0,20.0,27.0,499.36481151099986,165,19,49.637517715,133702272.0,70.0,45.0,69.0,83.0,46.0,30.737500000000004,27.125,19.358333333333334
1995-10-31,228.157027947,11.812380124521736,3.6250000000000004,213.95404810300002,12541564.8,65.1125,23.200000000000003,32.800000000000004,23.333333333333332,80,8,16.0,34.0,40.0,19.0,aut,210.53463110900003,13.037037544152176,3.608695652173913,312.63684874999996,27334972.800000004,84.74444444444445,20.566666666666666,26.099999999999998,28.333333333333332,72.0,8.0,10.0,27.0,42.0,16.0,0.0,499.36481151099986,165,19,49.637517715,133702272.0,70.0,45.0,69.0,83.0,46.0,30.737500000000004,27.125,19.358333333333334
1996-07-31,172.12987558600008,11.995010161152175,3.8630434782608716,300.32478682899995,24706339.200000003,108.94615384615385,23.933333333333334,30.8,20.333333333333332,72,6,6.0,26.0,47.0,15.0,summ,55.62630938800003,-1.824999001411111,2.4744444444444444,35.832780033999995,13723430.4,146.58333333333334,,,,66.0,2.0,35.0,52.0,19.0,7.0,61.0,138.12696258100007,148,3,40.992281684,29409523.20000001,134.0,87.0,128.0,28.0,10.0,29.450000000000003,25.833333333333332,21.883333333333333
1996-10-31,288.3925703759999,10.988608220793475,3.1858695652173914,207.594112681,26061177.6,106.52500000000002,18.666666666666668,31.76666666666667,15.0,78,16,26.0,45.0,33.0,16.0,aut,172.12987558600008,11.995010161152175,3.8630434782608716,300.32478682899995,24706339.200000003,108.94615384615385,23.933333333333334,30.8,20.333333333333332,72.0,6.0,6.0,26.0,47.0,15.0,0.0,138.12696258100007,148,3,40.992281684,29409523.20000001,134.0,87.0,128.0,28.0,10.0,29.450000000000003,25.833333333333332,21.883333333333333
1997-07-31,180.95761478200004,14.016933814978264,3.3152173913043477,328.693645971,14271983.999999994,37.86923076923077,21.03333333333333,29.599999999999998,20.666666666666668,79,9,9.0,35.0,32.0,12.0,summ,123.03158462099998,1.9977757548651691,4.4359550561797745,46.070583935,26837049.599999983,69.73846153846154,,,,76.0,6.0,9.0,19.0,53.0,33.0,20.0,309.323854261,159,14,53.31654908,81941155.19999999,81.0,49.0,73.0,79.0,46.0,31.283333333333335,17.666666666666664,21.3
1997-10-31,236.68424849900006,11.473125776152175,3.1478260869565196,214.52755789600005,12581135.999999998,53.22307692307693,25.099999999999998,29.233333333333334,17.333333333333332,82,12,21.0,43.0,28.0,11.0,aut,180.95761478200004,14.016933814978264,3.3152173913043477,328.693645971,14271983.999999994,37.86923076923077,21.03333333333333,29.599999999999998,20.666666666666668,79.0,9.0,9.0,35.0,32.0,12.0,0.0,309.323854261,159,14,53.31654908,81941155.19999999,81.0,49.0,73.0,79.0,46.0,31.283333333333335,17.666666666666664,21.3
1998-07-31,210.34744419000003,12.610114130119566,3.6902173913043477,311.70396612199994,18520790.400000002,41.184615384615384,18.766666666666666,26.7,,78,8,4.0,26.0,39.0,16.0,summ,186.08428352599998,1.56164394794382,3.813483146067416,47.52027225,41939855.99999999,66.22307692307693,,,,69.0,10.0,16.0,37.0,41.0,21.0,22.0,389.24527277299995,147,17,55.259902167999996,87603724.79999998,73.0,45.0,86.0,66.0,28.0,29.416666666666664,19.0,23.066666666666663
1998-10-31,316.70589340199996,9.789670545304348,3.28695652173913,193.943285818,36015235.2,90.3153846153846,23.433333333333337,38.03333333333334,,86,14,9.0,37.0,32.0,10.0,aut,210.34744419000003,12.610114130119566,3.6902173913043477,311.70396612199994,18520790.400000002,41.184615384615384,18.766666666666666,26.7,,78.0,8.0,4.0,26.0,39.0,16.0,0.0,389.24527277299995,147,17,55.259902167999996,87603724.79999998,73.0,45.0,86.0,66.0,28.0,29.416666666666664,19.0,23.066666666666663
2000-07-31,248.36199442299994,13.13161708809783,3.8445652173913043,310.5518218579999,16876684.799999986,47.23076923076923,17.099999999999998,34.666666666666664,49.15384615384615,79,10,2.0,25.0,42.0,20.0,summ,189.060361626,1.977291150777778,3.528888888888889,53.856240015999994,43379971.199999996,118.58333333333333,,,63.75,68.0,6.0,14.0,40.0,33.0,16.0,31.0,432.80251718799997,144,15,70.08122788799999,97162329.6,74.0,36.0,72.0,76.0,45.0,,50.42307692307692,
2000-10-31,384.43468243500007,10.939770848141304,3.3782608695652177,199.226596402,43785446.4,79.78571428571429,27.233333333333334,30.666666666666668,35.416666666666664,86,13,14.0,37.0,33.0,15.0,aut,248.36199442299994,13.13161708809783,3.8445652173913043,310.5518218579999,16876684.799999986,47.23076923076923,17.099999999999998,34.666666666666664,49.15384615384615,79.0,10.0,2.0,25.0,42.0,20.0,0.0,432.80251718799997,144,15,70.08122788799999,97162329.6,74.0,36.0,72.0,76.0,45.0,,50.42307692307692,
2001-07-31,185.76768162199994,13.781627430967394,3.9467391304347834,321.798078235,18642441.60000001,60.0,21.566666666666663,45.0,73.3076923076923,54,8,5.0,16.0,51.0,19.0,summ,198.32702729400006,-1.6197765523258425,3.2752808988764044,33.025751226999986,56959804.800000004,103.5,,,90.6923076923077,64.0,10.0,24.0,43.0,33.0,19.0,40.0,757.5440900490003,147,39,58.13031202299998,199812355.20000008,75.0,59.0,99.0,56.0,37.0,32.666666666666664,42.28525641025641,22.166666666666664
2001-10-31,346.720759279,11.357762359641304,3.3815217391304344,206.7033081370001,35095939.2,57.0,20.5,31.666666666666668,63.53846153846154,86,14,20.0,38.0,31.0,15.0,aut,185.76768162199994,13.781627430967394,3.9467391304347834,321.798078235,18642441.60000001,60.0,21.566666666666663,45.0,73.3076923076923,54.0,8.0,5.0,16.0,51.0,19.0,0.0,757.5440900490003,147,39,58.13031202299998,199812355.20000008,75.0,59.0,99.0,56.0,37.0,32.666666666666664,42.28525641025641,22.166666666666664
2002-07-31,320.827473462,14.581400571119566,3.6576086956521734,337.0120872199999,29636236.8,46.714285714285715,23.0,42.0,59.69230769230769,76,15,8.0,27.0,45.0,17.0,summ,158.56789200800006,2.482315082348314,3.771910112359551,57.35082584599999,42531264.0,54.166666666666664,,,69.38461538461539,78.0,6.0,13.0,29.0,43.0,21.0,23.0,321.1940546520001,159,12,70.01341522199999,71312572.8,80.0,42.0,74.0,74.0,39.0,38.333333333333336,68.42307692307692,21.03333333333333
2002-10-31,212.98631914400005,11.002360451880435,2.856521739130435,205.852987918,19742486.400000002,43.285714285714285,28.0,31.333333333333332,49.46153846153846,70,8,29.0,57.0,22.0,11.0,aut,320.827473462,14.581400571119566,3.6576086956521734,337.0120872199999,29636236.8,46.714285714285715,23.0,42.0,59.69230769230769,76.0,15.0,8.0,27.0,45.0,17.0,0.0,321.1940546520001,159,12,70.01341522199999,71312572.8,80.0,42.0,74.0,74.0,39.0,38.333333333333336,68.42307692307692,21.03333333333333
2003-07-31,272.53285883199993,14.12535460952174,3.610869565217391,331.20313885999997,24781507.200000003,56.5,19.083333333333332,31.333333333333332,48.0,82,9,6.0,25.0,39.0,15.0,summ,158.59090877299997,0.6082855068426959,3.248314606741574,42.815825092,35666265.6,81.0,,,57.0,51.0,5.0,27.0,47.0,30.0,17.0,36.0,359.263065933,124,16,44.670771558,63703411.2,108.0,59.0,94.0,62.0,33.0,36.666666666666664,54.57692307692308,25.5
2003-10-31,129.30380471,10.078809885250006,3.3760869565217377,197.597404129,2996092.800000001,39.833333333333336,15.125,35.25,37.75,70,4,16.0,35.0,34.0,13.0,aut,272.53285883199993,14.12535460952174,3.610869565217391,331.20313885999997,24781507.200000003,56.5,19.083333333333332,31.333333333333332,48.0,82.0,9.0,6.0,25.0,39.0,15.0,0.0,359.263065933,124,16,44.670771558,63703411.2,108.0,59.0,94.0,62.0,33.0,36.666666666666664,54.57692307692308,25.5
2004-07-31,191.0656472809999,13.315869566652175,3.6800000000000006,317.33916428,11785564.799999995,,36.333333333333336,40.333333333333336,38.666666666666664,71,6,9.0,20.0,40.0,12.0,summ,149.23313424,1.4207986264333334,3.0648648648648655,54.25431826399999,36537696.00000001,,,,42.666666666666664,66.0,6.0,19.0,37.0,24.0,8.0,36.0,417.5423002089999,150,15,67.42171412399999,68356137.6,80.0,42.0,69.0,43.0,19.0,33.291666666666664,42.875,17.104166666666664
2004-10-31,377.920815484,11.133007253086953,3.385882352941177,206.5991969319999,34751030.4,,14.866666666666667,33.333333333333336,38.666666666666664,78,18,13.0,43.0,28.0,15.0,aut,191.0656472809999,13.315869566652175,3.6800000000000006,317.33916428,11785564.799999995,,36.333333333333336,40.333333333333336,38.666666666666664,71.0,6.0,9.0,20.0,40.0,12.0,0.0,417.5423002089999,150,15,67.42171412399999,68356137.6,80.0,42.0,69.0,43.0,19.0,33.291666666666664,42.875,17.104166666666664
2005-04-30,75.962384985,0.7961519964157303,3.3513157894736847,45.143694304,15425164.8,62.166666666666664,7.05,28.0,63.0,59,2,19.0,38.0,26.0,15.0,spr,183.91202030100004,0.6511181789456518,3.630952380952381,14.621146112999998,40527388.8,45.0,,,58.75,86.0,6.0,25.0,37.0,37.0,24.0,41.0,259.87440528600007,145,8,59.764840417,55952553.599999994,78.0,44.0,75.0,63.0,39.0,36.833333333333336,38.666666666666664,25.6
2005-07-31,234.12120388600002,13.449493758554352,3.4522727272727263,314.584495968,11736662.399999993,45.833333333333336,18.16923076923077,29.615384615384617,53.333333333333336,68,10,7.0,30.0,32.0,10.0,summ,75.962384985,0.7961519964157303,3.3513157894736847,45.143694304,15425164.8,62.166666666666664,7.05,28.0,63.0,59.0,2.0,19.0,38.0,26.0,15.0,37.0,259.87440528600007,145,8,59.764840417,55952553.599999994,78.0,44.0,75.0,63.0,39.0,36.833333333333336,38.666666666666664,25.6
2005-10-31,243.593437062,11.399854026141302,3.479518072289156,210.5769093489999,18845654.399999995,43.0,22.599999999999998,35.125,39.666666666666664,83,10,16.0,28.0,33.0,13.0,aut,234.12120388600002,13.449493758554352,3.4522727272727263,314.584495968,11736662.399999993,45.833333333333336,18.16923076923077,29.615384615384617,53.333333333333336,68.0,10.0,7.0,30.0,32.0,10.0,0.0,259.87440528600007,145,8,59.764840417,55952553.599999994,78.0,44.0,75.0,63.0,39.0,36.833333333333336,38.666666666666664,25.6
2006-07-31,196.168084071,14.994149163369565,3.3923913043478264,333.0685136269999,19623686.399999995,24.0,22.264285714285712,30.642857142857142,55.75,41,12,5.0,37.0,34.0,12.0,summ,200.82535213199998,-1.9994489088988765,2.840449438202248,32.45178172200001,48841228.79999999,75.5,,,58.575,76.0,9.0,24.0,50.0,23.0,11.0,53.0,423.88170985599993,164,16,49.12231608300001,86978793.59999998,106.0,50.0,92.0,58.0,33.0,32.37019230769231,46.5,20.384615384615383
2006-10-31,354.33005712799996,13.135440069250006,2.728571428571429,226.74580623100007,27361670.399999995,,38.8,39.9,33.5,86,14,22.0,55.0,17.0,4.0,aut,196.168084071,14.994149163369565,3.3923913043478264,333.0685136269999,19623686.399999995,24.0,22.264285714285712,30.642857142857142,55.75,41.0,12.0,5.0,37.0,34.0,12.0,0.0,423.88170985599993,164,16,49.12231608300001,86978793.59999998,106.0,50.0,92.0,58.0,33.0,32.37019230769231,46.5,20.384615384615383
2007-04-30,131.12002013900005,2.5278851489550562,3.40561797752809,71.63492188600001,32224953.59999999,57.833333333333336,8.1,34.0,75.33333333333333,72,3,12.0,35.0,34.0,17.0,spr,418.9461165369999,1.967489847869565,3.798913043478262,25.118485406999998,115537190.4,145.75,,,71.66666666666667,85.0,20.0,20.0,36.0,44.0,25.0,29.0,550.0661366759999,157,23,96.75340729300001,147762144.0,52.0,32.0,71.0,78.0,42.0,35.27142857142857,44.625,30.532142857142855
2007-07-31,357.39982618700003,13.87064251096739,3.304395604395603,324.99925063,37736064.00000001,98.77272727272727,17.73846153846154,32.69230769230769,70.33333333333333,74,12,14.0,43.0,27.0,16.0,summ,131.12002013900005,2.5278851489550562,3.40561797752809,71.63492188600001,32224953.59999999,57.833333333333336,8.1,34.0,75.33333333333333,72.0,3.0,12.0,35.0,34.0,17.0,23.0,550.0661366759999,157,23,96.75340729300001,147762144.0,52.0,32.0,71.0,78.0,42.0,35.27142857142857,44.625,30.532142857142855
2007-10-31,205.84139912100005,11.093175407271737,3.5033333333333334,201.11424297500002,13538361.600000001,122.58333333333333,18.166666666666668,31.583333333333332,59.0,72,7,18.0,34.0,38.0,19.0,aut,357.39982618700003,13.87064251096739,3.304395604395603,324.99925063,37736064.00000001,98.77272727272727,17.73846153846154,32.69230769230769,70.33333333333333,74.0,12.0,14.0,43.0,27.0,16.0,0.0,550.0661366759999,157,23,96.75340729300001,147762144.0,52.0,32.0,71.0,78.0,42.0,35.27142857142857,44.625,30.532142857142855
2008-04-30,224.3804002740001,2.8595585974888897,3.6666666666666687,61.949385606999996,67382582.39999999,218.57142857142858,6.133333333333333,51.333333333333336,83.4,75,8,12.0,32.0,43.0,19.0,spr,376.7121482120001,0.35575788910869577,3.4055555555555563,14.902045339999994,86666716.80000001,157.14285714285714,,,68.0,89.0,18.0,23.0,37.0,33.0,21.0,38.0,601.0925484860002,164,26,76.85143094699998,154049299.2,54.0,35.0,69.0,76.0,40.0,32.13782051282051,64.66666666666666,17.952564102564104
2008-07-31,223.24659292499996,14.625843514717387,3.0659340659340666,336.46005419899996,11699423.999999998,39.0,16.446153846153848,35.46153846153846,58.333333333333336,49,11,10.0,46.0,23.0,8.0,summ,224.3804002740001,2.8595585974888897,3.6666666666666687,61.949385606999996,67382582.39999999,218.57142857142858,6.133333333333333,51.333333333333336,83.4,75.0,8.0,12.0,32.0,43.0,19.0,16.0,601.0925484860002,164,26,76.85143094699998,154049299.2,54.0,35.0,69.0,76.0,40.0,32.13782051282051,64.66666666666666,17.952564102564104
2008-10-31,355.676229847,10.709235614489128,3.1160919540229886,194.65279439199998,46947081.59999998,61.333333333333336,15.227272727272727,29.545454545454547,85.0,77,16,25.0,45.0,26.0,13.0,aut,223.24659292499996,14.625843514717387,3.0659340659340666,336.46005419899996,11699423.999999998,39.0,16.446153846153848,35.46153846153846,58.333333333333336,49.0,11.0,10.0,46.0,23.0,8.0,0.0,601.0925484860002,164,26,76.85143094699998,154049299.2,54.0,35.0,69.0,76.0,40.0,32.13782051282051,64.66666666666666,17.952564102564104
2009-01-31,184.08359676899997,-0.8209306471086953,2.9619565217391304,11.564006616,45500486.39999999,52.875,2.2,44.0,66.66666666666667,76,7,30.0,52.0,30.0,18.0,wint,355.676229847,10.709235614489128,3.1160919540229886,194.65279439199998,46947081.59999998,61.333333333333336,15.227272727272727,29.545454545454547,85.0,77.0,16.0,25.0,45.0,26.0,13.0,2.0,332.96758573399995,137,14,68.763952977,104709023.99999997,87.0,57.0,105.0,47.0,21.0,32.50349650349651,71.66666666666667,15.836713286713287
2009-04-30,148.88398896500001,0.7450900858876413,2.640449438202247,57.199946361,59208537.59999999,79.625,8.1,31.0,63.5,61,7,27.0,53.0,17.0,3.0,spr,184.08359676899997,-0.8209306471086953,2.9619565217391304,11.564006616,45500486.39999999,52.875,2.2,44.0,66.66666666666667,76.0,7.0,30.0,52.0,30.0,18.0,48.0,332.96758573399995,137,14,68.763952977,104709023.99999997,87.0,57.0,105.0,47.0,21.0,32.50349650349651,71.66666666666667,15.836713286713287
2009-07-31,236.727380031,14.247826349760878,3.322826086956521,330.54513938300005,7340889.600000002,30.928571428571427,16.436363636363637,29.272727272727273,63.666666666666664,73,7,11.0,34.0,31.0,8.0,summ,148.88398896500001,0.7450900858876413,2.640449438202247,57.199946361,59208537.59999999,79.625,8.1,31.0,63.5,61.0,7.0,27.0,53.0,17.0,3.0,39.0,332.96758573399995,137,14,68.763952977,104709023.99999997,87.0,57.0,105.0,47.0,21.0,32.50349650349651,71.66666666666667,15.836713286713287
2009-10-31,263.925036837,10.44568163433696,3.094565217391303,197.9234697949999,32168707.2,66.6,16.258333333333333,28.666666666666668,54.25,79,13,25.0,42.0,29.0,15.0,aut,236.727380031,14.247826349760878,3.322826086956521,330.54513938300005,7340889.600000002,30.928571428571427,16.436363636363637,29.272727272727273,63.666666666666664,73.0,7.0,11.0,34.0,31.0,8.0,0.0,332.96758573399995,137,14,68.763952977,104709023.99999997,87.0,57.0,105.0,47.0,21.0,32.50349650349651,71.66666666666667,15.836713286713287
2010-04-30,138.126200654,-1.206369449382024,2.6921348314606743,43.363119092000005,47232028.800000004,93.375,6.449999999999999,33.0,74.0,72,4,33.0,54.0,19.0,7.0,spr,242.32208933500002,-3.8251537592608695,2.9478260869565216,14.004661602,53227238.400000006,89.0,,,61.0,87.0,11.0,22.0,49.0,23.0,12.0,56.0,380.44828998900005,159,15,57.367780694000004,100459267.20000002,100.0,55.0,103.0,42.0,19.0,28.96969696969697,58.95833333333333,16.347348484848485
2010-07-31,243.78339129200003,13.676593360239133,3.3912087912087916,325.58704246700006,18923587.199999996,65.84615384615384,13.7,28.46153846153846,63.5,70,7,7.0,32.0,30.0,8.0,summ,138.126200654,-1.206369449382024,2.6921348314606743,43.363119092000005,47232028.800000004,93.375,6.449999999999999,33.0,74.0,72.0,4.0,33.0,54.0,19.0,7.0,44.0,380.44828998900005,159,15,57.367780694000004,100459267.20000002,100.0,55.0,103.0,42.0,19.0,28.96969696969697,58.95833333333333,16.347348484848485
2010-10-31,307.28804007500014,10.342934330619565,3.1684782608695645,197.05913650800008,45819820.79999998,123.35714285714286,9.09,23.6,59.333333333333336,84,14,28.0,42.0,34.0,12.0,aut,243.78339129200003,13.676593360239133,3.3912087912087916,325.58704246700006,18923587.199999996,65.84615384615384,13.7,28.46153846153846,63.5,70.0,7.0,7.0,32.0,30.0,8.0,0.0,380.44828998900005,159,15,57.367780694000004,100459267.20000002,100.0,55.0,103.0,42.0,19.0,28.96969696969697,58.95833333333333,16.347348484848485
2011-04-30,120.56331233099999,0.8389695123932586,3.0606741573033713,56.943949,49300876.8,85.8,12.0,31.0,76.58333333333333,57,4,18.0,45.0,23.0,8.0,spr,126.86759563200002,-6.375389914130436,2.7815217391304357,3.379158403,17953660.8,48.666666666666664,,,73.8,78.0,4.0,39.0,56.0,28.0,16.0,79.0,247.430907963,135,8,60.323107403,67254537.6,121.0,57.0,101.0,51.0,24.0,26.03076923076923,61.41666666666667,11.395
2011-07-31,308.51362378399995,14.175819390554357,3.2989130434782603,324.5362057039999,27917135.999999993,46.45454545454545,15.246153846153845,26.692307692307693,68.84615384615384,79,12,12.0,39.0,29.0,11.0,summ,120.56331233099999,0.8389695123932586,3.0606741573033713,56.943949,49300876.8,85.8,12.0,31.0,76.58333333333333,57.0,4.0,18.0,45.0,23.0,8.0,42.0,247.430907963,135,8,60.323107403,67254537.6,121.0,57.0,101.0,51.0,24.0,26.03076923076923,61.41666666666667,11.395
2011-10-31,419.137897827,11.715487513913047,3.376086956521737,208.16505547400004,68637456.0,82.28571428571429,8.875,26.416666666666668,76.64285714285714,86,21,13.0,36.0,35.0,9.0,aut,308.51362378399995,14.175819390554357,3.2989130434782603,324.5362057039999,27917135.999999993,46.45454545454545,15.246153846153845,26.692307692307693,68.84615384615384,79.0,12.0,12.0,39.0,29.0,11.0,0.0,247.430907963,135,8,60.323107403,67254537.6,121.0,57.0,101.0,51.0,24.0,26.03076923076923,61.41666666666667,11.395
2012-04-30,116.65501219,1.9640119690111106,3.3044943820224724,66.458527166,,73.35714285714286,7.066666666666666,23.666666666666668,69.53846153846153,65,5,17.0,44.0,28.0,15.0,spr,241.82704712000003,0.667626980086957,3.367391304347827,20.038903095000006,57219436.80000001,43.38461538461539,,,89.6923076923077,77.0,11.0,28.0,45.0,33.0,20.0,40.0,358.48205931,142,16,86.497430261,57219436.80000001,66.0,45.0,89.0,61.0,35.0,26.554487179487182,72.74450549450549,12.060576923076923
2012-07-31,290.1019707169999,13.182981759141297,3.685555555555555,313.9859476129999,23737276.8,39.92307692307692,15.623076923076923,27.76923076923077,62.92307692307692,78,12,4.0,24.0,37.0,16.0,summ,116.65501219,1.9640119690111106,3.3044943820224724,66.458527166,,73.35714285714286,7.066666666666666,23.666666666666668,69.53846153846153,65.0,5.0,17.0,44.0,28.0,15.0,26.0,358.48205931,142,16,86.497430261,57219436.80000001,66.0,45.0,89.0,61.0,35.0,26.554487179487182,72.74450549450549,12.060576923076923
2012-10-31,373.7559785329999,10.211138624445649,3.5793478260869573,195.229411796,56496700.800000004,59.0,11.430000000000001,24.6,65.38461538461539,85,16,7.0,28.0,39.0,17.0,aut,290.1019707169999,13.182981759141297,3.685555555555555,313.9859476129999,23737276.8,39.92307692307692,15.623076923076923,27.76923076923077,62.92307692307692,78.0,12.0,4.0,24.0,37.0,16.0,0.0,358.48205931,142,16,86.497430261,57219436.80000001,66.0,45.0,89.0,61.0,35.0,26.554487179487182,72.74450549450549,12.060576923076923
2013-07-31,271.04800603000007,14.51148089697826,3.896739130434783,333.4739099599999,48006000.00000002,88.57142857142857,15.1,22.985714285714288,70.5,83,11,3.0,16.0,50.0,16.0,summ,86.28312931200001,-1.4940891468426967,3.465909090909091,33.111360084999994,23006592.000000004,147.77777777777777,,,,52.0,3.0,15.0,37.0,31.0,17.0,54.0,308.08907295800003,132,11,46.780695073000004,84359923.20000002,111.0,27.0,64.0,73.0,43.0,26.184615384615384,64.15384615384616,13.526538461538461
2013-10-31,249.61240594499998,11.121038620369573,3.222826086956522,204.56688452100005,13399257.6,61.625,13.016666666666667,23.0,48.23333333333333,84,11,17.0,42.0,27.0,11.0,aut,271.04800603000007,14.51148089697826,3.896739130434783,333.4739099599999,48006000.00000002,88.57142857142857,15.1,22.985714285714288,70.5,83.0,11.0,3.0,16.0,50.0,16.0,0.0,308.08907295800003,132,11,46.780695073000004,84359923.20000002,111.0,27.0,64.0,73.0,43.0,26.184615384615384,64.15384615384616,13.526538461538461
2014-04-30,271.35633923000006,4.04847304447191,4.282954545454547,71.962317004,79629609.6,64.11764705882354,6.2,23.2,68.5,65,15,8.0,26.0,44.0,31.0,spr,331.3420988480002,0.5380519017173914,4.493478260869565,20.737397266999995,76569321.60000001,88.57142857142857,,,,80.0,11.0,9.0,19.0,55.0,37.0,36.0,602.6984380780002,145,26,92.69971427099999,156198931.2,42.0,17.0,45.0,99.0,68.0,22.992857142857144,59.36666666666666,14.058333333333334
2014-07-31,159.853964134,15.321389833891306,3.422471910112359,342.973669923,7346159.999999997,38.166666666666664,13.433333333333332,21.733333333333334,47.73333333333334,61,5,2.0,34.0,29.0,12.0,summ,271.35633923000006,4.04847304447191,4.282954545454547,71.962317004,79629609.6,64.11764705882354,6.2,23.2,68.5,65.0,15.0,8.0,26.0,44.0,31.0,6.0,602.6984380780002,145,26,92.69971427099999,156198931.2,42.0,17.0,45.0,99.0,68.0,22.992857142857144,59.36666666666666,14.058333333333334
2014-10-31,492.7671004560001,11.974417337195652,3.5923913043478275,208.02462638800006,67234233.60000002,106.88888888888889,11.766666666666666,18.866666666666667,34.82,85,20,10.0,41.0,31.0,21.0,aut,159.853964134,15.321389833891306,3.422471910112359,342.973669923,7346159.999999997,38.166666666666664,13.433333333333332,21.733333333333334,47.73333333333334,61.0,5.0,2.0,34.0,29.0,12.0,0.0,602.6984380780002,145,26,92.69971427099999,156198931.2,42.0,17.0,45.0,99.0,68.0,22.992857142857144,59.36666666666666,14.058333333333334
2015-04-30,154.565633974,3.0705776248764045,4.1808988764044965,67.51949249500001,56934403.200000025,37.285714285714285,6.0,40.0,58.0,62,8,5.0,16.0,49.0,24.0,spr,312.47639242099984,0.494016026804348,3.74891304347826,17.582968188000002,67506998.39999998,66.33333333333333,,,,84.0,11.0,12.0,33.0,46.0,19.0,39.0,467.0420263949999,146,19,85.102460683,124441401.6,51.0,17.0,49.0,95.0,43.0,20.3,41.27666666666667,12.599999999999998
2015-07-31,313.30353361000004,12.37802335380434,4.119565217391305,298.6947493340003,26510889.59999999,71.42857142857143,14.6,22.166666666666668,48.333333333333336,73,14,1.0,17.0,56.0,21.0,summ,154.565633974,3.0705776248764045,4.1808988764044965,67.51949249500001,56934403.200000025,37.285714285714285,6.0,40.0,58.0,62.0,8.0,5.0,16.0,49.0,24.0,12.0,467.0420263949999,146,19,85.102460683,124441401.6,51.0,17.0,49.0,95.0,43.0,20.3,41.27666666666667,12.599999999999998
2015-10-31,363.1072621939999,11.334738712206526,3.418478260869566,208.78160217400008,58435430.4,89.375,15.25,26.333333333333332,57.333333333333336,75,13,16.0,36.0,36.0,13.0,aut,313.30353361000004,12.37802335380434,4.119565217391305,298.6947493340003,26510889.59999999,71.42857142857143,14.6,22.166666666666668,48.333333333333336,73.0,14.0,1.0,17.0,56.0,21.0,0.0,467.0420263949999,146,19,85.102460683,124441401.6,51.0,17.0,49.0,95.0,43.0,20.3,41.27666666666667,12.599999999999998
2016-04-30,242.941582077,1.9457608367666668,3.5155555555555553,55.585293314,58992451.19999999,79.5,3.9,28.0,71.0,74,11,16.0,39.0,31.0,17.0,spr,230.6205428810001,-0.560885845847826,3.88695652173913,23.006436387000008,49696502.400000006,115.0,,,,84.0,9.0,17.0,31.0,45.0,26.0,41.0,473.5621249580001,158,20,78.591729701,108688953.6,65.0,33.0,70.0,76.0,43.0,24.25,52.833333333333336,14.925
2016-07-31,180.73523569199992,14.518242564130436,3.7597826086956525,336.273679817,12054182.399999999,57.333333333333336,8.233333333333333,20.916666666666668,52.5,69,7,3.0,20.0,44.0,19.0,summ,242.941582077,1.9457608367666668,3.5155555555555553,55.585293314,58992451.19999999,79.5,3.9,28.0,71.0,74.0,11.0,16.0,39.0,31.0,17.0,24.0,473.5621249580001,158,20,78.591729701,108688953.6,65.0,33.0,70.0,76.0,43.0,24.25,52.833333333333336,14.925
2016-10-31,211.46598364699994,11.40925294735869,3.743478260869566,207.206039254,7774271.999999999,69.0,11.219999999999999,16.583333333333332,50.0,63,10,10.0,25.0,43.0,21.0,aut,180.73523569199992,14.518242564130436,3.7597826086956525,336.273679817,12054182.399999999,57.333333333333336,8.233333333333333,20.916666666666668,52.5,69.0,7.0,3.0,20.0,44.0,19.0,0.0,473.5621249580001,158,20,78.591729701,108688953.6,65.0,33.0,70.0,76.0,43.0,24.25,52.833333333333336,14.925
2017-04-30,149.00081377700002,1.5012540511685395,3.7629213483146065,53.205471059999994,31415385.600000005,102.0,11.0,,,65,5,11.0,22.0,41.0,20.0,spr,152.269895512,-0.1410562139130435,3.588043478260869,9.960559907000002,29960323.200000003,58.666666666666664,,,,69.0,8.0,22.0,41.0,36.0,24.0,49.0,301.270709289,134,13,63.166030967,61375708.80000001,81.0,33.0,63.0,77.0,44.0,18.75,51.25,9.726666666666667
2017-07-31,195.85459838600008,13.653999853326088,3.7586956521739125,325.97366509000005,19335974.400000002,32.285714285714285,13.385714285714286,,,65,6,2.0,24.0,39.0,17.0,summ,149.00081377700002,1.5012540511685395,3.7629213483146065,53.205471059999994,31415385.600000005,102.0,11.0,,,65.0,5.0,11.0,22.0,41.0,20.0,32.0,301.270709289,134,13,63.166030967,61375708.80000001,81.0,33.0,63.0,77.0,44.0,18.75,51.25,9.726666666666667
2017-10-31,394.4719787409998,10.806993384826084,3.6521739130434803,202.050935189,48739276.800000004,123.57142857142857,12.14,,,84,16,7.0,31.0,39.0,19.0,aut,195.85459838600008,13.653999853326088,3.7586956521739125,325.97366509000005,19335974.400000002,32.285714285714285,13.385714285714286,,,65.0,6.0,2.0,24.0,39.0,17.0,0.0,301.270709289,134,13,63.166030967,61375708.80000001,81.0,33.0,63.0,77.0,44.0,18.75,51.25,9.726666666666667
